signal_id,signal_description,latitude,longitude,assigned_count_stations,u,total_N_flow,total_S_flow,total_E_flow,total_W_flow,total_NE_flow,total_NW_flow,total_SE_flow,total_SW_flow,max_station_distance,average_station_distance
29532,AURORA AVE N AND RAYE ST,47.6429973961598,-122.347158117009,8,366560.0,174098.0,192462.0,0.0,0.0,0.0,0.0,0.0,0.0,137.94233580737438,137.94233580737438
70255,1ST AV S BR SB AND POINT B,47.5424808999407,-122.334641346242,7,306631.0,182992.0,123639.0,0.0,0.0,0.0,0.0,0.0,0.0,144.5825730101537,144.5825730101537
57663,5TH AVE S AND S SPOKANE SR ST,47.5714201728404,-122.327461445345,9,299516.0,0.0,0.0,299516.0,0.0,0.0,0.0,0.0,0.0,145.38020407499226,145.38020407499226
71322,14TH AVE S AND EAST MARGINAL WAY S,47.53526052449,-122.314829499206,12,239280.0,0.0,0.0,0.0,0.0,0.0,45429.0,95031.0,0.0,61.8022825413988,61.802282541398796
12707,15TH AVE NW AND NW 54TH ST,47.6678913446406,-122.37621569979,11,224637.0,120125.0,104512.0,0.0,0.0,0.0,0.0,0.0,0.0,141.4496387908983,141.44963879089826
35302,FAIRVIEW AVE N AND ROY ST,47.6251206934303,-122.334335830214,10,201367.0,146312.0,6063.0,0.0,0.0,9029.0,0.0,0.0,6373.0,117.71888621102755,117.71888621102752
31501,MONTLAKE BLVD E AND E SHELBY ST,47.6463960841003,-122.3046141166,7,197931.0,42415.0,70917.0,0.0,0.0,0.0,0.0,0.0,0.0,76.65621927544865,76.65621927544863
28729,15TH AVE W AND W HOWE ST,47.6359530482407,-122.376137884957,11,190187.0,84839.0,105348.0,0.0,0.0,0.0,0.0,0.0,0.0,139.20769464626449,139.20769464626446
23106,ROOSEVELT WAY NE AND NE 45TH ST,47.6612987365799,-122.317638163068,11,189190.0,0.0,0.0,87464.0,70915.0,0.0,0.0,0.0,0.0,130.01784162816978,130.01784162816975
5520,1ST AVE NE AND NE 80TH ST,47.6868500652222,-122.328332868977,11,174766.0,0.0,0.0,82301.0,17616.0,0.0,0.0,0.0,0.0,73.1015630547913,73.1015630547913
39107,DENNY WAY AND WESTLAKE AVE,47.6185342689922,-122.338484569548,10,165655.0,0.0,0.0,64951.0,36174.0,0.0,0.0,0.0,8651.0,109.8974393030564,109.8974393030564
34335,1ST AVE W AND WESTERN AVE W,47.6190228117265,-122.35805925907,7,144810.0,0.0,0.0,0.0,0.0,0.0,76196.0,35786.0,0.0,114.43958135811467,114.43958135811467
4550,AURORA AVE N AND N 75TH ST,47.6833014645681,-122.344484429953,7,141465.0,13599.0,99533.0,0.0,0.0,0.0,0.0,0.0,0.0,96.49741232187941,96.49741232187942
226103,11TH AVE NE AND NE 125TH ST,47.7194368746577,-122.316173792517,10,141309.0,0.0,0.0,35737.0,39480.0,0.0,0.0,0.0,0.0,94.45808271060007,94.45808271060005
52522,RAINIER AVE S AND S GRAND ST,47.5869098567825,-122.304683339087,6,141148.0,17876.0,18472.0,0.0,0.0,0.0,16684.0,17573.0,0.0,61.32669348196562,61.32669348196561
12525,15TH AVE NW AND NW 59TH ST,47.6716304885024,-122.376211781806,8,140880.0,105993.0,34887.0,0.0,0.0,0.0,0.0,0.0,0.0,132.9895333910217,132.9895333910217
65755,19TH ER AVE S AND SWIFT AVE S,47.5473614553308,-122.30862260686,10,139104.0,0.0,0.0,0.0,0.0,0.0,21357.0,72020.0,0.0,109.49455433046055,109.49455433046055
23104,12TH AVE NE AND NE 45TH ST,47.6612845813885,-122.315442439176,9,137349.0,0.0,0.0,79325.0,58024.0,0.0,0.0,0.0,0.0,142.01887079828907,142.01887079828907
12315,7TH AVE NW AND NW MARKET ST,47.6686523830659,-122.365098221904,9,134743.0,0.0,0.0,39477.0,45199.0,0.0,0.0,0.0,0.0,132.5196376411068,132.5196376411068
23105,11TH AVE NE AND NE 45TH ST,47.6612919603368,-122.316578935504,7,133289.0,0.0,0.0,53216.0,45319.0,0.0,0.0,0.0,0.0,139.5387467007255,139.5387467007255
6702,23RD AVE NE AND NE 75TH ST,47.6830471634596,-122.302912789651,9,130671.0,0.0,0.0,34116.0,31220.0,0.0,0.0,0.0,0.0,132.7979063580144,132.7979063580144
73322,RAINIER AVE S AND S GARDEN ST,47.5376426251794,-122.270432963288,10,128050.0,10212.0,64772.0,0.0,0.0,0.0,0.0,0.0,0.0,126.41940599175506,126.41940599175504
232351,AURORA AVE N AND N 85TH ST,47.6905625868725,-122.344521922333,7,126967.0,0.0,84109.0,0.0,42858.0,0.0,0.0,0.0,0.0,131.65995225671338,131.64031873882803
29501,4TH AVE N AND FREMONT BR,47.6468797552288,-122.349753714898,8,126631.0,27789.0,98842.0,0.0,0.0,0.0,0.0,0.0,0.0,76.08758636981739,76.08758636981739
54451,37TH AVE SW AND FAUNTLEROY WAY SW,47.5632637768424,-122.378771127431,7,126053.0,0.0,0.0,0.0,0.0,35618.0,0.0,0.0,90435.0,95.05032736291693,95.05032736291695
39102,BOREN AVE AND DENNY WAY,47.6185216339345,-122.335320660859,8,123477.0,0.0,0.0,54896.0,19299.0,0.0,0.0,0.0,0.0,131.42768495065843,131.42768495065843
29467,HOWE ST AND WESTLAKE EAST RDWY AVE N,47.6352004323918,-122.340198392458,9,123359.0,30360.0,31315.0,0.0,0.0,0.0,0.0,0.0,0.0,141.78230077371086,141.78230077371086
57616,S SPOKANE ST AND S SPOKANE CR ST,47.5714030076809,-122.324129577312,11,121965.0,0.0,0.0,121965.0,0.0,0.0,0.0,0.0,0.0,126.17226212877142,72.89022825153224
57653,4TH AVE S AND S SPOKANE NR ST,47.5716778655541,-122.329103077257,3,121887.0,0.0,0.0,0.0,121887.0,0.0,0.0,0.0,0.0,94.08918912290673,94.08918912290672
44567,4TH AVE AND DILLING WAY,47.6022897560734,-122.329435619618,12,121042.0,59348.0,0.0,0.0,0.0,0.0,61694.0,0.0,0.0,49.3145938938065,49.31459389380651
23102,UNIVERSITY WAY NE AND NE 45TH ST,47.6612693657983,-122.313129659689,7,112127.0,0.0,0.0,40390.0,42526.0,0.0,0.0,0.0,0.0,139.52075440221495,139.52075440221495
12526,15TH AVE NW AND NW 58TH ST,47.6709012837281,-122.376212445299,7,111458.0,10872.0,79895.0,0.0,0.0,0.0,0.0,0.0,0.0,132.9945340341044,132.9945340341044
34452,ELLIOTT AVE W AND ELLIOTT ER AVE W,47.6199223296746,-122.360043304746,7,110906.0,8205.0,0.0,0.0,0.0,0.0,68086.0,8992.0,0.0,87.82391873100967,76.46459821062766
54325,FAUNTLEROY WAY SW AND WEST SEATTLE BR EB,47.5650385242553,-122.376188267084,6,109771.0,0.0,0.0,0.0,0.0,60736.0,0.0,0.0,16955.0,107.63440494902702,107.63440494902703
82132,AURORA AVE N AND MERCER ST,47.6245114670449,-122.343702831805,5,109076.0,0.0,0.0,41653.0,29511.0,0.0,0.0,0.0,0.0,105.79030040829227,105.79030040829227
40519,MINOR AVE AND PINE ST,47.6149210910432,-122.328711699701,11,107322.0,88346.0,0.0,3135.0,0.0,2266.0,0.0,0.0,0.0,119.97420731150304,119.01915595085724
23110,7TH AVE NE AND NE 45TH ST,47.661319003325,-122.320727862699,7,105128.0,87643.0,0.0,0.0,0.0,0.0,0.0,0.0,0.0,129.96565390771008,112.33286846879524
40503,MELROSE AVE AND E OLIVE PL,47.6170700943672,-122.32787485446,12,102086.0,0.0,0.0,9288.0,4628.0,30900.0,0.0,0.0,26989.0,149.1269178972176,149.12691789721757
39311,1ST AVE AND PINE ST,47.6098142298211,-122.340922045317,10,101355.0,11679.0,6314.0,0.0,0.0,511.0,33586.0,23550.0,0.0,98.76431162111508,97.07400182446713
227103,LAKE CITY WAY NE AND NE 125TH ST,47.7192787504282,-122.295233055829,7,101003.0,28504.0,16048.0,0.0,0.0,40912.0,0.0,0.0,15539.0,56.942891393154206,56.9428913931542
13333,GREEN LAKE WAY N AND N 50TH ST,47.6650344456479,-122.340207473339,9,99865.0,12357.0,32074.0,0.0,36803.0,18631.0,0.0,0.0,0.0,132.5983416177939,128.94070382428743
4120,WALLINGFORD AVE N AND N 80TH ST,47.6869183105036,-122.336405541783,10,99457.0,0.0,0.0,21739.0,30172.0,0.0,0.0,0.0,0.0,103.41461746518713,103.41461746518715
4501,AURORA AVE N AND N 84TH ST,47.689835991271,-122.344518170516,5,97719.0,97719.0,0.0,0.0,0.0,0.0,0.0,0.0,0.0,132.02137297925987,132.02137297925987
31542,24TH AVE E AND E MCGRAW ST,47.6402587226188,-122.302072330181,9,97423.0,43029.0,54394.0,0.0,0.0,0.0,0.0,0.0,0.0,132.89614686448255,132.68187798172818
5379,ROOSEVELT WAY NE AND NE 65TH ST,47.6758293276065,-122.317363222225,8,97173.0,0.0,97173.0,0.0,0.0,0.0,0.0,0.0,0.0,131.74780351171148,131.74780351171148
4129,ASHWORTH AVE N AND N 78TH ST,47.6855002733486,-122.339092510094,12,96615.0,0.0,0.0,0.0,0.0,27183.0,0.0,0.0,21555.0,147.75437827388893,147.75437827388893
13739,GREEN LAKE WAY N AND WOODLAND PARK AVE N,47.6628793468762,-122.344569407678,9,96611.0,0.0,0.0,0.0,0.0,30069.0,0.0,0.0,29447.0,125.83403518994808,125.83403518994808
54455,36TH AVE SW AND FAUNTLEROY WAY SW,47.5643439874595,-122.377353215216,6,94333.0,0.0,0.0,0.0,0.0,0.0,0.0,0.0,65665.0,46.668623494628,46.668623494628
57517,1ST AVE S AND S SPOKANE SR ST,47.5713925746557,-122.334193718017,9,93796.0,27544.0,21254.0,26017.0,0.0,0.0,0.0,0.0,0.0,57.274531936221905,38.65724350985644
14129,ROOSEVELT WAY NE AND NE 61ST ST,47.6727373465935,-122.317363557494,9,93465.0,0.0,93465.0,0.0,0.0,0.0,0.0,0.0,0.0,85.42068264406467,85.42068264406467
40252,BROADWAY AND HARVARD AVE,47.6112593522642,-122.320760063126,9,93234.0,0.0,0.0,0.0,0.0,15825.0,0.0,0.0,45484.0,115.71549104157523,115.71549104157523
219651,N 145TH ST AND WHITMAN AVE N,47.7341286938879,-122.346298804827,9,89834.0,0.0,0.0,41956.0,15766.0,0.0,0.0,0.0,0.0,147.85709154136214,147.85709154136214
44553,2ND AV ET S AND 4TH AVE S,47.598422092895,-122.328969826925,7,89479.0,89479.0,0.0,0.0,0.0,0.0,0.0,0.0,0.0,141.30969530680505,141.30969530680503
27790,THORNDYKE AVE W AND W GALER ST,47.6323157170357,-122.391878871767,12,89344.0,0.0,0.0,32010.0,21986.0,0.0,0.0,0.0,0.0,138.71923708641322,138.7192370864132
13756,AURORA AVE N AND N 46 UPPER ST,47.6621802328874,-122.34733445659,6,89118.0,0.0,0.0,51692.0,37426.0,0.0,0.0,0.0,0.0,47.89619590364077,47.89619590364077
64708,4TH AVE S AND S FINDLAY ST,47.5526876134333,-122.329557705452,8,88140.0,70583.0,17557.0,0.0,0.0,0.0,0.0,0.0,0.0,147.64891276165122,132.03716182897335
36749,BELMONT AVE E AND E OLIVE WAY,47.6196662441581,-122.324011266904,7,87545.0,0.0,0.0,29738.0,18502.0,0.0,0.0,0.0,0.0,71.03115183599407,71.03115183599407
6741,17TH AVE NE AND NE 65TH ST,47.6757815102846,-122.309786200916,9,87518.0,0.0,0.0,23377.0,33371.0,0.0,0.0,0.0,0.0,131.52372339463946,131.52372339463946
45160,27TH AVE S AND S MAIN E ST,47.6002338252652,-122.297498071868,8,85722.0,19578.0,30700.0,0.0,0.0,0.0,0.0,0.0,0.0,94.84686927040086,94.84686927040086
39164,5TH AVE AND OLIVE WAY,47.6126653472639,-122.337393605715,9,85690.0,0.0,47560.0,0.0,0.0,14584.0,0.0,4476.0,0.0,79.22952713982943,79.22952713982943
219734,GREENWOOD AVE N AND N 125TH ST,47.7196013588552,-122.355538540888,5,85480.0,41166.0,14039.0,0.0,0.0,0.0,0.0,0.0,0.0,77.3915056599358,77.3915056599358
4132,WALLINGFORD AVE N AND EAST GREEN LAKE DR N,47.6856124498608,-122.336765441359,9,84690.0,0.0,0.0,31613.0,22498.0,0.0,0.0,0.0,0.0,127.57230344537487,127.57230344537487
139101,BAY ST AND WESTERN AVE,47.6178024351124,-122.355992037171,11,84136.0,14344.0,0.0,0.0,0.0,0.0,31030.0,4323.0,0.0,125.0645404300546,125.0645404300546
40127,E MADISON ST AND E PIKE ST,47.6141146550278,-122.313693013186,8,83300.0,0.0,0.0,0.0,0.0,34608.0,0.0,0.0,30886.0,133.0295475282646,125.95070170773275
35307,8TH AVE N AND MERCER SR ST,47.6245449756792,-122.341232140051,4,83282.0,0.0,0.0,25550.0,935.0,0.0,0.0,0.0,0.0,117.7430731591862,117.7430731591862
70727,12TH AVE SW AND SW HOLDEN ST,47.5340427664404,-122.350538321806,6,82050.0,0.0,0.0,16791.0,24234.0,0.0,0.0,0.0,0.0,145.96366408901383,145.96366408901383
57651,1ST AVE S AND S SPOKANE NR ST,47.5717066082018,-122.334196976081,2,80954.0,0.0,0.0,0.0,25503.0,0.0,0.0,0.0,0.0,46.90218404804581,46.90218404804581
5726,4TH AVE NE AND EAST GREEN LAKE WAY N,47.6785563704629,-122.326836628667,11,80346.0,0.0,0.0,0.0,0.0,29553.0,0.0,0.0,16970.0,94.86186554554173,91.06774107323086
232107,AURORA AVE N AND N 104TH ST,47.7043269675512,-122.344685514941,4,80255.0,80255.0,0.0,0.0,0.0,0.0,0.0,0.0,0.0,131.59606665266756,131.59606665266756
59757,33RD AVE S AND S ALASKA ST,47.5607642018001,-122.291013906275,12,78866.0,0.0,0.0,21073.0,18439.0,0.0,0.0,0.0,0.0,134.002607467071,134.00260746707096
52715,16TH AVE S AND ROBERTO MAESTAS FESTIVAL ST,47.579470366315,-122.312115643982,10,78633.0,0.0,0.0,0.0,0.0,0.0,15911.0,17373.0,0.0,69.58385894846059,69.58385894846059
5307,ROOSEVELT WAY NE AND NE 75TH ST,47.6831111823393,-122.317489509053,6,78506.0,0.0,0.0,7241.0,71265.0,0.0,0.0,0.0,0.0,64.60763778798876,64.60763778798876
13321,GREEN LAKE WAY N AND N 53RD ST,47.6670856829203,-122.34008543009,8,77795.0,24086.0,36898.0,0.0,0.0,0.0,0.0,0.0,0.0,123.7499850290552,123.52946329893206
30527,FRANKLIN AVE E AND E LYNN ST,47.6397267809353,-122.32467699277,11,77637.0,0.0,0.0,24997.0,18601.0,0.0,0.0,0.0,0.0,149.84645746390015,149.84645746390015
21704,15TH AVE W AND W EMERSON ST,47.6539933551286,-122.376214875123,10,77482.0,0.0,0.0,8187.0,33934.0,0.0,0.0,0.0,0.0,128.18440075212345,128.18440075212348
22167,BRIDGE WAY N AND STONE WAY N,47.6546624722925,-122.342474620005,6,77014.0,33561.0,22555.0,0.0,0.0,0.0,0.0,0.0,0.0,131.461625508092,131.461625508092
34460,ELLIOTT AVE W AND W THOMAS S ST,47.6206637074925,-122.360928386699,3,75608.0,0.0,0.0,0.0,0.0,0.0,26124.0,49484.0,0.0,41.650023325347554,41.650023325347554
35141,FAIRVIEW AVE N AND VALLEY UPPER ST,47.6259686220662,-122.334344152615,7,75452.0,0.0,0.0,0.0,0.0,30255.0,0.0,0.0,26746.0,69.82577705580564,69.82577705580564
52556,RAINIER AVE S AND S WALKER ST,47.5836563963784,-122.302198579427,3,75414.0,0.0,0.0,0.0,0.0,0.0,19414.0,18293.0,0.0,104.85021123875059,104.85021123875059
23148,15TH AVE NE AND NE 40TH ST,47.6553401596686,-122.312148792795,10,74559.0,24809.0,28752.0,0.0,0.0,0.0,0.0,0.0,0.0,115.8613904715214,115.86139047152139
69727,35TH AVE SW AND SW HOLDEN N ST,47.5337424118351,-122.376618645664,8,74438.0,20568.0,53870.0,0.0,0.0,0.0,0.0,0.0,0.0,62.84631648197993,62.84631648197993
56301,EAST MARGINAL WAY S AND S NEVADA ST,47.5657761723207,-122.339438981225,4,74430.0,38939.0,35491.0,0.0,0.0,0.0,0.0,0.0,0.0,103.77189396341592,103.77189396341592
22504,AURORA S AVE N AND GREEN LAKE WAY N,47.6605668709911,-122.347336908358,3,74332.0,52208.0,22124.0,0.0,0.0,0.0,0.0,0.0,0.0,94.99963390003532,94.99963390003533
69453,21ST N AVE SW AND DELRIDGE N WAY SW,47.5341515098272,-122.360548203235,8,73653.0,24961.0,48692.0,0.0,0.0,0.0,0.0,0.0,0.0,85.30713401520288,85.30713401520288
63315,1ST AVE S AND EAST MARGINAL WAY S,47.5482713833029,-122.334309133608,2,72751.0,72751.0,0.0,0.0,0.0,0.0,0.0,0.0,0.0,51.04733331496144,51.04733331496144
39659,1ST AVE AND BAY ST,47.6184675854726,-122.355133705861,8,72412.0,0.0,12444.0,11454.0,18181.0,0.0,16206.0,0.0,0.0,94.85017585810255,82.73837208311141
39101,DENNY WAY AND FAIRVIEW AVE,47.6185172882919,-122.334254882841,9,71992.0,43824.0,14833.0,0.0,0.0,0.0,0.0,0.0,0.0,121.42608779786195,121.42608779786195
39511,BROAD ST AND DENNY WAY,47.618581919313,-122.350355316047,12,71837.0,0.0,0.0,6855.0,6467.0,23665.0,0.0,0.0,19249.0,80.93133764365612,80.93133764365611
3766,8TH AVE NW AND NW 65TH ST,47.6759853467097,-122.366023400092,10,71373.0,0.0,0.0,25335.0,22779.0,0.0,0.0,0.0,0.0,65.39064565805461,62.690937706293184
12516,15TH AVE NW AND NW 61ST ST,47.6730887779377,-122.376211025933,4,70389.0,0.0,70389.0,0.0,0.0,0.0,0.0,0.0,0.0,132.97761132728579,132.97761132728579
12527,15TH AVE NW AND NW 57TH ST,47.670171431689,-122.376213111383,4,69787.0,69787.0,0.0,0.0,0.0,0.0,0.0,0.0,0.0,132.61404152787142,132.61404152787142
3512,8TH AVE NW AND NW 82ND ST,47.6883840058421,-122.365998341133,9,69719.0,16187.0,18669.0,0.0,0.0,0.0,0.0,0.0,0.0,131.51455400111251,131.51455400111251
52728,23RD AVE S AND S WAITE ST,47.579996048672,-122.303321435583,9,69676.0,20270.0,15279.0,0.0,0.0,0.0,0.0,0.0,0.0,149.5513801261152,149.5513801261152
82088,40TH AVE S AND FAUNTLEROY WAY SW,47.5462815153756,-122.383313808777,9,69306.0,0.0,0.0,0.0,0.0,15377.0,0.0,0.0,19276.0,67.20899081946669,67.20899081946669
34324,4TH AVE W AND ELLIOTT AVE W,47.621572622685,-122.36202047357,4,69281.0,678.0,0.0,0.0,0.0,0.0,68603.0,0.0,0.0,132.80940760329318,124.82540711983492
69725,35TH AVE SW AND SW AUSTIN ST,47.534811585942,-122.376610624578,7,69258.0,60580.0,8678.0,0.0,0.0,0.0,0.0,0.0,0.0,137.93967349235476,136.1443632305742
35301,FAIRVIEW AVE N AND MERCER ST,47.6246937770087,-122.334287970015,5,68710.0,0.0,3405.0,20093.0,0.0,0.0,0.0,0.0,0.0,119.1302537033635,94.20495432401246
52504,RAINIER AVE S AND S MASSACHUSETTS ST,47.5884106013057,-122.305827397845,4,68617.0,41212.0,22433.0,0.0,4972.0,0.0,0.0,0.0,0.0,141.24859639092665,72.44013710120026
41729,23RD AVE AND E JEFFERSON ST,47.6061755708921,-122.302777066142,8,68474.0,24804.0,43670.0,0.0,0.0,0.0,0.0,0.0,0.0,126.25440636268976,126.25440636268976
68251,CALIFORNIA AVE SW AND SW EDDY ST,47.5460341613433,-122.387202330837,6,68350.0,11985.0,22191.0,0.0,0.0,0.0,0.0,0.0,0.0,129.25645794298967,129.25645794298967
71102,S ALBRO PL AND S HARDY ST,47.5460230695199,-122.316884634961,11,68247.0,0.0,0.0,0.0,0.0,18659.0,0.0,0.0,19366.0,116.87514269749973,116.87514269749973
4759,WOODLAND PL N AND N 65TH ST,47.6759778436306,-122.347373788063,9,67959.0,17135.0,16859.0,0.0,0.0,0.0,0.0,0.0,0.0,119.58982423469497,119.58982423469496
12715,8TH AVE NW AND NW 52ND ST,47.6664197319247,-122.366183866127,10,67726.0,18399.0,15157.0,0.0,0.0,0.0,0.0,0.0,0.0,132.8150147310438,132.81501473104382
227114,LAKE CITY WAY NE AND NE 123RD ST,47.7174073978134,-122.296339934485,5,67185.0,0.0,15979.0,0.0,0.0,51206.0,0.0,0.0,0.0,45.53272279640218,45.53272279640218
82246,GREEN LAKE DR N AND N 83RD ST,47.6889837803926,-122.344273352768,7,67172.0,57287.0,0.0,0.0,0.0,0.0,7990.0,1895.0,0.0,137.44951098505655,122.84538804069557
5344,ROOSEVELT WAY NE AND NE 71ST ST,47.6801719676646,-122.31742808214,6,66909.0,0.0,66909.0,0.0,0.0,0.0,0.0,0.0,0.0,127.9994063898853,127.9994063898853
5150,BANNER WAY NE AND NE 76TH ST,47.6839045881118,-122.321508259449,6,66532.0,0.0,0.0,0.0,0.0,0.0,14224.0,33103.0,0.0,11.812401628251923,11.812401628251921
12708,15TH AVE NW AND NW 53RD ST,47.6671621104247,-122.376216870469,3,66437.0,16746.0,16473.0,0.0,0.0,0.0,0.0,0.0,0.0,132.99993366002596,132.99993366002596
72456,BEACON ER AVE S AND S MYRTLE ST,47.5389577834348,-122.296081486199,9,65806.0,0.0,0.0,19261.0,22623.0,0.0,0.0,0.0,0.0,48.437946936835566,48.437946936835566
31723,22ND AVE E AND BOYER AVE E,47.6370197925311,-122.30535095815,9,65773.0,0.0,0.0,0.0,0.0,0.0,18468.0,14440.0,0.0,102.12369752779249,102.12369752779249
2350,JONES AVE NW AND NW 65TH ST,47.67595642284,-122.38642540901,12,65737.0,0.0,0.0,15279.0,17646.0,0.0,0.0,0.0,0.0,131.99604971268647,131.99604971268647
66724,M L KING JR ER WAY S AND S JUNEAU ST,47.5497571032396,-122.287252189318,5,65651.0,11138.0,32622.0,0.0,0.0,0.0,0.0,0.0,0.0,62.09763219363995,62.097632193639946
11136,24TH AVE NW AND NW MARKET ST,47.6686786927666,-122.387576487717,10,65617.0,24881.0,40736.0,0.0,0.0,0.0,0.0,0.0,0.0,141.5967980989024,141.5967980989024
4515,AURORA AVE N AND GREEN LAKE DR N,47.6891127654922,-122.344514436771,3,65553.0,0.0,65553.0,0.0,0.0,0.0,0.0,0.0,0.0,131.90494498846974,131.90494498846974
232336,AURORA AVE N AND N 89TH ST,47.6934611330976,-122.344556360288,3,65032.0,65032.0,0.0,0.0,0.0,0.0,0.0,0.0,0.0,131.64887834187522,131.64887834187522
43318,UTAH AVE S AND S ATLANTIC ST,47.5903123972942,-122.335119483285,7,64917.0,0.0,0.0,19676.0,13326.0,0.0,0.0,0.0,0.0,113.50959785908947,113.50959785908947
4516,AURORA AVE N AND N 81ST ST,47.6876654463057,-122.34450696515,3,64435.0,0.0,64435.0,0.0,0.0,0.0,0.0,0.0,0.0,131.90775884602976,131.90775884602976
45117,26TH AVE AND E YESLER WAY,47.6016606256908,-122.298917342836,10,64280.0,0.0,0.0,13550.0,14959.0,0.0,0.0,0.0,0.0,129.97032234158206,129.97032234158206
5720,EAST GREEN LAKE DR N AND NE 72ND ST,47.6802931686242,-122.325825924911,10,63574.0,0.0,0.0,0.0,0.0,0.0,14616.0,16010.0,0.0,146.32138187161598,90.55740196115717
22719,FRANCIS AVE N AND N 36TH ST,47.6520048837916,-122.353411051434,6,63531.0,0.0,0.0,32782.0,30749.0,0.0,0.0,0.0,0.0,136.77083579780964,136.77083579780967
23140,ROOSEVELT WAY NE AND NE 41ST ST,47.6568893046295,-122.317819030181,10,62849.0,0.0,55073.0,3277.0,612.0,0.0,0.0,0.0,0.0,113.99373450232693,92.82221878584228
59734,37TH AVE S AND S GENESEE ST,47.5641122623268,-122.2860562659,10,62741.0,0.0,0.0,9466.0,24943.0,0.0,0.0,0.0,0.0,135.00227167337226,135.00227167337226
5146,BANNER WAY NE AND NE 77TH ST,47.6846225129627,-122.322386174529,6,62737.0,0.0,0.0,0.0,0.0,0.0,21220.0,22403.0,0.0,105.81019997082544,105.81019997082545
4702,AURORA AVE N AND KEEN WAY N,47.6821522976424,-122.344487225325,3,62721.0,62721.0,0.0,0.0,0.0,0.0,0.0,0.0,0.0,112.59342795087632,112.59342795087632
82229,ALASKAN ER WAY S AND RAILROAD WAY S,47.5972904572945,-122.335567308134,3,62652.0,17654.0,13676.0,0.0,0.0,0.0,0.0,0.0,0.0,56.43711621891659,56.43711621891659
81542,HAMLET AVE S AND SEWARD PARK AVE S,47.5245682205316,-122.264655776938,9,62518.0,15708.0,15602.0,0.0,0.0,0.0,0.0,0.0,0.0,149.44816679531576,149.44816679531576
23651,NE 40TH ST AND NE 40 UPPER ST,47.6555389841423,-122.326166928623,6,62394.0,0.0,0.0,15101.0,16096.0,0.0,0.0,0.0,0.0,80.79552222128886,80.79552222128886
234857,RAVENNA AVE NE AND RAVENNA WR AVE NE,47.6959926605553,-122.305455411094,3,61822.0,20970.0,40852.0,0.0,0.0,0.0,0.0,0.0,0.0,64.2343487748826,64.2343487748826
4549,AURORA AVE N AND N 76TH ST,47.6840380645772,-122.344488238927,3,61718.0,61718.0,0.0,0.0,0.0,0.0,0.0,0.0,0.0,132.57607125822997,132.57607125822997
76314,DELRIDGE WAY SW AND SW HENDERSON ST,47.5228613434302,-122.360099363484,9,61673.0,0.0,6955.0,11612.0,0.0,0.0,7197.0,21622.0,0.0,92.97507602042951,78.05715574960568
68107,42ND AVE SW AND FAUNTLEROY WAY SW,47.5451209673026,-122.385749740714,9,61657.0,0.0,0.0,25003.0,36654.0,0.0,0.0,0.0,0.0,109.11034674143484,109.11034674143484
232127,AURORA AVE N AND N 100TH ST,47.7014299831316,-122.344651076777,3,61399.0,0.0,61399.0,0.0,0.0,0.0,0.0,0.0,0.0,131.59555894652394,131.59555894652394
11304,20TH AVE NW AND NW MARKET ST,47.6686757988305,-122.382129997921,10,61121.0,2575.0,9834.0,0.0,34622.0,0.0,0.0,0.0,0.0,140.09233904255248,111.44653573784119
51142,15TH AVE S AND S WALKER ST,47.5836946844802,-122.313386681292,9,60838.0,11439.0,27109.0,0.0,0.0,0.0,0.0,0.0,0.0,129.99461669062603,129.99461669062603
44151,12TH AVE S AND S WELLER ST,47.5974995715712,-122.317226728573,6,60661.0,14657.0,15825.0,0.0,0.0,0.0,0.0,0.0,0.0,147.75672686606282,147.7567268660628
23556,CORLISS AVE N AND N 40TH ST,47.6555749692237,-122.331436902891,9,60606.0,0.0,0.0,24985.0,23632.0,0.0,0.0,0.0,0.0,146.97963509193625,146.88566883864362
22353,DENSMORE AVE N AND N 34TH ST,47.6480514838902,-122.337544335711,9,59904.0,0.0,0.0,28561.0,10005.0,0.0,0.0,0.0,0.0,146.58764782190258,146.58764782190258
77733,15TH AVE SW AND SW ROXBURY ST,47.5173538661511,-122.354035335731,6,59543.0,0.0,0.0,31239.0,28304.0,0.0,0.0,0.0,0.0,139.0687950034324,139.06879500343237
54348,FAUNTLEROY WAY SW AND SW ALASKA ST,47.5611074669657,-122.381456217072,3,59302.0,0.0,0.0,0.0,0.0,14201.0,0.0,0.0,15450.0,61.80100074879536,61.80100074879536
219106,ASHWORTH AVE N AND N 145TH ST,47.7341325937302,-122.339686687682,6,58816.0,0.0,0.0,14349.0,15059.0,0.0,0.0,0.0,0.0,129.91398935237024,129.91398935237024
23146,15TH AVE NE AND NE 41ST ST,47.6568195934638,-122.312110054433,8,58636.0,29062.0,29574.0,0.0,0.0,0.0,0.0,0.0,0.0,111.99094742472809,111.99094742472809
40330,12TH AVE AND E JAMES CT,47.6074270185866,-122.316780066,8,58210.0,25271.0,9929.0,0.0,0.0,0.0,0.0,0.0,0.0,114.72311080468101,109.2902492992999
82146,8TH AVE NE AND WEEDIN E PL NE,47.6764092356696,-122.320073202135,11,58199.0,14749.0,14154.0,0.0,0.0,0.0,2911.0,0.0,0.0,64.20899840529906,60.19133214227828
43216,ALASKAN ER WAY AND YESLER WAY,47.601724378719,-122.33613193887,11,57766.0,8100.0,6694.0,10533.0,3993.0,0.0,7445.0,9519.0,0.0,148.78229904120298,97.60783270323742
37743,23RD AVE AND E DENNY WAY,47.6189337703319,-122.302552328356,8,56774.0,6594.0,0.0,0.0,0.0,28521.0,0.0,0.0,12033.0,143.90925870351026,131.2622494986514
22111,N 45TH ST AND N MIDVALE PL,47.6613851226559,-122.342998744473,11,56684.0,0.0,0.0,24237.0,9323.0,0.0,0.0,18530.0,0.0,116.80584400088365,105.60124476147548
2349,24TH AVE NW AND NW 65TH ST,47.6759484982599,-122.387584730627,11,56648.0,18616.0,7068.0,11062.0,12713.0,0.0,0.0,0.0,0.0,142.81004406406507,129.19353162487366
6701,24TH AVE NE AND NE 75TH ST,47.6830473259784,-122.301834543566,6,56620.0,0.0,0.0,36517.0,20103.0,0.0,0.0,0.0,0.0,132.06164177209587,132.06164177209587
34656,MAGNOLIA BR WB AND W GALER ST FLYOVER,47.6320827583703,-122.374185328178,8,56308.0,0.0,0.0,0.0,0.0,42509.0,0.0,0.0,5693.0,132.31595948603743,132.31595948603743
3106,3RD AVE NW AND NW 83RD ST,47.68911150171,-122.36064854136,12,56108.0,14156.0,13926.0,0.0,0.0,0.0,0.0,0.0,0.0,131.99978390971862,131.99978390971862
63114,EAST MARGINAL WAY S AND S BRANDON ST,47.5541839539743,-122.337416961103,2,55370.0,0.0,55370.0,0.0,0.0,0.0,0.0,0.0,0.0,143.50724528079758,143.50724528079758
13564,WHITMAN PL N AND N 63RD ST,47.6739384286873,-122.346660408961,8,54643.0,0.0,0.0,13114.0,18474.0,0.0,0.0,0.0,0.0,136.82003098591142,136.82003098591142
37319,27TH AVE E AND E MADISON N ST,47.622743736062,-122.297273881419,8,54479.0,0.0,0.0,0.0,0.0,24509.0,0.0,0.0,10117.0,147.5532060884618,147.5532060884618
39147,6TH AVE AND WESTLAKE AVE,47.6139469734582,-122.337563203843,8,54177.0,17534.0,0.0,0.0,0.0,0.0,36643.0,0.0,0.0,122.59164073185897,122.59164073185897
43120,ALASKAN WR WAY AND YESLER WAY,47.6017202992409,-122.336387477538,7,54169.0,11578.0,15424.0,0.0,0.0,0.0,4410.0,8703.0,0.0,134.18356899451555,134.18356899451555
5750,LATONA AVE NE AND NE 65TH E ST,47.6759041447539,-122.325436782912,7,54105.0,0.0,0.0,12448.0,17509.0,0.0,0.0,0.0,0.0,127.15749770813935,127.15749770813933
34337,DENNY WAY AND QUEEN ANNE AVE N,47.6186070610323,-122.356756296651,4,53991.0,0.0,0.0,21241.0,32750.0,0.0,0.0,0.0,0.0,74.08462164210387,74.08462164210387
23704,2ND AVE NE AND NE NORTHLAKE WAY,47.6536071484798,-122.326847997479,12,53613.0,0.0,0.0,3500.0,2872.0,12524.0,0.0,0.0,7925.0,148.18998520895022,146.35518092436226
12539,15TH AVE NW AND NW MARKET ST,47.6686669082976,-122.376214475447,3,53291.0,0.0,53291.0,0.0,0.0,0.0,0.0,0.0,0.0,141.44983141827186,141.44983141827186
57661,S SPOKANE CR ST AND S SPOKANE NR ST,47.5716953114959,-122.326763312303,6,52828.0,0.0,0.0,44257.0,8571.0,0.0,0.0,0.0,0.0,102.99617252786524,100.555149623413
5301,15TH AVE NE AND NE 75TH ST,47.6830458729308,-122.312079273193,5,52567.0,0.0,0.0,0.0,52567.0,0.0,0.0,0.0,0.0,131.98288241535013,131.98288241535013
29597,5TH AVE N AND RAYE UPPER ST,47.6429102082206,-122.348115743802,10,52509.0,0.0,0.0,16993.0,18225.0,0.0,0.0,0.0,0.0,137.58016340292295,97.11529611289308
45140,26TH AVE S AND S JACKSON ST,47.5992519814622,-122.298668121441,8,52440.0,0.0,0.0,14197.0,14872.0,0.0,0.0,0.0,0.0,149.99492579816217,149.99492579816217
37533,23RD AVE E AND E ALOHA ST,47.6267592583684,-122.302381846593,8,52315.0,17698.0,20888.0,6400.0,1904.0,0.0,0.0,0.0,0.0,148.44121868525463,140.764361043622
14135,ROOSEVELT WAY NE AND NE RAVENNA EB BV,47.6720149030094,-122.31736347495,5,51961.0,0.0,51961.0,0.0,0.0,0.0,0.0,0.0,0.0,46.340704850766706,46.340704850766706
71303,ELLIS AVE S AND EAST MARGINAL WAY S,47.5386504465922,-122.32063030616,11,51785.0,20459.0,14577.0,0.0,0.0,0.0,0.0,0.0,0.0,145.77237170615916,145.7723717061592
55661,SPOKANE TURN RD AND SW AVALON WAY,47.5711091896854,-122.370641413656,8,51703.0,15541.0,14475.0,0.0,0.0,0.0,0.0,0.0,0.0,72.47930677864653,72.47930677864653
5512,LATONA AVE NE AND NE 81ST ST,47.687541977748,-122.325646582162,3,50636.0,0.0,0.0,0.0,0.0,0.0,50636.0,0.0,0.0,136.68838042712122,136.68838042712122
5721,EAST GREEN LAKE DR N AND NE RAVENNA EB BV,47.6796737794702,-122.325577648032,7,50469.0,6216.0,14066.0,0.0,0.0,10711.0,0.0,0.0,7381.0,146.55674319727603,129.86921407797846
30314,FEDERAL AVE E AND E BOSTON ST,47.6383997208415,-122.319016715541,12,50384.0,0.0,0.0,11259.0,13053.0,0.0,0.0,0.0,0.0,129.5331176582676,129.53311765826763
226853,NE NORTHGATE DR AND NE NORTHGATE WAY,47.7086144017539,-122.326411548838,4,50198.0,0.0,0.0,18542.0,14662.0,0.0,0.0,0.0,0.0,55.72416258512474,55.72416258512474
54452,FAUNTLEROY WAY SW AND SW OREGON ST,47.5628722777448,-122.379285451196,7,49956.0,0.0,0.0,13339.0,3965.0,32652.0,0.0,0.0,0.0,149.57551402979908,120.705369360903
2360,15TH AVE NW AND NW 65TH ST,47.6759622664182,-122.376380785688,3,49939.0,49939.0,0.0,0.0,0.0,0.0,0.0,0.0,0.0,126.22667939531246,126.22667939531247
11110,20TH AVE NW AND NW 62ND ST,47.6738272936524,-122.382127311969,12,49814.0,11939.0,13046.0,0.0,0.0,0.0,0.0,0.0,0.0,131.73723393596063,131.73723393596063
15726,18TH AVE NE AND NE 50TH ST,47.6648672996228,-122.308327246543,9,49597.0,0.0,0.0,13351.0,11449.0,0.0,0.0,0.0,0.0,141.49602675254795,141.49602675254795
22717,BRIDGE WAY N AND N 38TH ST,47.6527450011915,-122.345963707209,7,49590.0,0.0,0.0,11012.0,15726.0,0.0,0.0,0.0,0.0,47.99721551493973,47.99721551493973
52325,30TH AVE S AND S MCCLELLAN ST,47.5783463973898,-122.294162712134,7,48861.0,0.0,0.0,9392.0,10200.0,0.0,0.0,0.0,0.0,143.88514717363492,143.88514717363492
31319,24TH AVE E AND E INTERLAKEN BLVD,47.6345730614236,-122.3015761796,4,48658.0,36503.0,12155.0,0.0,0.0,0.0,0.0,0.0,0.0,122.40718258605636,122.40718258605636
37740,21ST AVE E AND E JOHN ST,47.6202187712668,-122.304739486431,10,48639.0,0.0,0.0,15375.0,7070.0,0.0,0.0,0.0,0.0,137.59706654288195,137.59706654288195
14332,12TH AVE NE AND NE 50TH ST,47.664917341628,-122.315238738728,5,48125.0,0.0,0.0,18605.0,29520.0,0.0,0.0,0.0,0.0,126.24472897548242,126.24472897548242
45364,M L KING JR WAY S AND S JUDKINS ST,47.5920498872469,-122.297633917386,6,47819.0,32212.0,15607.0,0.0,0.0,0.0,0.0,0.0,0.0,140.40454832380553,140.40454832380553
64517,4TH AVE S AND S BRANDON ST,47.5541400836317,-122.329544809313,5,47733.0,20896.0,26837.0,0.0,0.0,0.0,0.0,0.0,0.0,134.60443171966148,134.60443171966148
66325,RAINIER AVE S AND S ORCAS ST,47.5511760244628,-122.277664111538,4,47412.0,23263.0,24149.0,0.0,0.0,0.0,0.0,0.0,0.0,145.88015926728326,145.26485766059187
12751,8TH AVE NW AND NW 47TH ST,47.6629221522631,-122.366193358991,9,46878.0,11660.0,11799.0,0.0,0.0,0.0,0.0,0.0,0.0,132.96971283195234,132.96971283195234
13519,AURORA AVE N AND N 62ND ST,47.6738650638562,-122.347241266815,7,46680.0,0.0,0.0,9759.0,0.0,0.0,7908.0,10515.0,5350.0,124.08341583720924,104.13205715189224
219115,AURORA AVE N AND N 145TH ST,47.7341284281387,-122.345097105213,5,46565.0,0.0,0.0,0.0,46565.0,0.0,0.0,0.0,0.0,134.49922071553198,134.49922071553198
77736,12TH AVE SW AND SW ROXBURY ST,47.5173342871295,-122.350652792671,3,46066.0,0.0,0.0,12940.0,10091.0,0.0,0.0,0.0,0.0,133.0111360609759,133.0111360609759
80311,M L KING JR WR WAY S AND S HENDERSON ST,47.5232461342659,-122.279209135965,5,46039.0,26229.0,0.0,4191.0,5714.0,0.0,0.0,0.0,0.0,122.51530896861294,66.02176953664666
41363,23RD AVE AND E SPRUCE ST,47.6035072388876,-122.302433799552,4,45715.0,18694.0,8565.0,0.0,0.0,0.0,0.0,0.0,0.0,149.00685570049149,149.00685570049149
14328,8TH AVE NE AND NE 50TH ST,47.6649504569914,-122.319541873145,4,45653.0,0.0,0.0,33941.0,11712.0,0.0,0.0,0.0,0.0,135.5163738722158,135.5163738722158
51709,4TH AVE S AND S LANDER ST,47.5798094510892,-122.329056506352,6,45583.0,0.0,0.0,36684.0,8899.0,0.0,0.0,0.0,0.0,114.98583585631634,114.98583585631634
34336,WESTERN AVE W AND W DENNY WAY,47.6186094176438,-122.357361099996,4,45493.0,0.0,0.0,0.0,0.0,0.0,45493.0,0.0,0.0,98.41021246990915,98.41021246990915
6653,LAKE CITY WAY NE AND NE 82ND ST,47.6885031999864,-122.310759730664,3,45490.0,0.0,0.0,0.0,0.0,12504.0,0.0,0.0,10241.0,62.39626905812704,62.39626905812704
21456,CREMONA ST AND QUEEN ANNE AVE N,47.6495415359815,-122.357678307918,4,45321.0,0.0,0.0,0.0,0.0,0.0,11790.0,17008.0,0.0,75.6784998267776,75.6784998267776
5126,15TH AVE NE AND NE 80TH ST,47.6866765303849,-122.312154899374,11,45226.0,0.0,0.0,11692.0,14134.0,0.0,0.0,0.0,0.0,132.04283441372684,132.0428344137268
15752,19TH AVE NE AND NE 45TH ST,47.661257779576,-122.307245177741,4,45201.0,0.0,0.0,21309.0,23892.0,0.0,0.0,0.0,0.0,88.33905522404375,88.33905522404375
52329,26TH AVE S AND S MCCLELLAN ST,47.5783503346726,-122.299274097283,8,45112.0,0.0,0.0,21318.0,7067.0,0.0,0.0,0.0,0.0,138.1370307691937,127.8878691028259
27791,MAGNOLIA BR AND W GALER ST,47.6323256086697,-122.390896094821,5,44982.0,0.0,0.0,7412.0,22546.0,0.0,0.0,0.0,0.0,120.67277277504597,120.67277277504597
5127,LAKE CITY WAY NE AND NE 80TH ST,47.6866889661793,-122.313357170851,12,44948.0,0.0,0.0,30956.0,8173.0,0.0,0.0,0.0,0.0,147.5814053462798,139.65207741672967
52109,26TH AVE S AND S MASSACHUSETTS ST,47.5883169629614,-122.299104711146,10,44022.0,0.0,0.0,11958.0,11034.0,0.0,0.0,0.0,0.0,129.5605569942193,129.5605569942193
30124,11TH AVE E AND E ROANOKE ST,47.6431965619384,-122.318337751662,9,43924.0,0.0,0.0,0.0,0.0,0.0,10737.0,11222.0,0.0,119.71762001149328,119.71762001149328
35310,BROAD ST AND DEXTER AVE N,47.6248384221079,-122.342337429658,4,43905.0,18916.0,6682.0,0.0,0.0,0.0,0.0,0.0,0.0,102.52875150936151,102.52875150936151
66311,RAINIER AVE S AND S LUCILE ST,47.5526620741697,-122.278485061359,3,43566.0,43566.0,0.0,0.0,0.0,0.0,0.0,0.0,0.0,143.47294703691279,143.47294703691279
21611,15TH AVE W AND BALLARD BR,47.6544388887735,-122.376217980044,7,43204.0,0.0,0.0,0.0,0.0,0.0,29585.0,0.0,13619.0,118.66910917212142,93.24949040563824
65348,SHAFFER AVE S AND S GRAHAM ST,47.5462236792022,-122.294751671941,6,43164.0,0.0,0.0,12084.0,9354.0,0.0,0.0,0.0,0.0,137.7495920923999,137.7495920923999
12852,15TH NB AVE NW AND NW LEARY WAY,47.6636643523826,-122.376123394141,4,43141.0,24546.0,18595.0,0.0,0.0,0.0,0.0,0.0,0.0,132.73412177987527,80.18021177746249
13717,LINDEN AVE N AND N 50 UPPER ST,47.665011257176,-122.34855909954,7,42870.0,0.0,0.0,9721.0,22019.0,0.0,0.0,0.0,0.0,134.4330741304148,134.43307413041478
64333,12TH AVE S AND S BAILEY ST,47.5478160869872,-122.317322705507,6,42793.0,0.0,0.0,9563.0,11842.0,0.0,0.0,0.0,0.0,46.325352782102165,46.325352782102165
51707,6TH PL S AND S LANDER ST,47.5798087359083,-122.325206878852,11,42785.0,0.0,0.0,6927.0,18581.0,0.0,0.0,0.0,0.0,94.99741291238317,84.83483118588643
232349,AURORA AVE N AND N 87TH ST,47.6920117905476,-122.344539140368,2,42764.0,21126.0,21638.0,0.0,0.0,0.0,0.0,0.0,0.0,67.45030392688253,67.45030392688253
11453,15TH SB AVE NW AND NW LEARY WAY,47.6636639275706,-122.376320379331,6,42665.0,0.0,11071.0,6380.0,9417.0,0.0,0.0,0.0,0.0,132.51438868993915,78.39247385141856
22720,PHINNEY AVE N AND N 36TH ST,47.6522459633745,-122.354474746753,4,42388.0,0.0,0.0,20598.0,21790.0,0.0,0.0,0.0,0.0,138.26136754142044,135.25608790812078
24251,MONTLAKE BLVD NE AND NE 44TH ST,47.6603495775609,-122.300009553593,12,42363.0,0.0,0.0,10832.0,19959.0,0.0,0.0,0.0,0.0,114.6635684615513,114.66356846155128
11125,24TH AVE NW AND NW 58TH ST,47.6709162051064,-122.38758737058,6,42337.0,20581.0,21756.0,0.0,0.0,0.0,0.0,0.0,0.0,132.95939036965115,132.95939036965115
11337,SHILSHOLE AVE NW AND NW 46TH ST,47.6622071015016,-122.378302420639,5,42086.0,0.0,0.0,0.0,0.0,0.0,14273.0,14207.0,0.0,79.65754710925933,79.65754710925933
5305,11TH AVE NE AND NE 75TH ST,47.6830985366213,-122.31643391988,5,42085.0,0.0,0.0,30986.0,11099.0,0.0,0.0,0.0,0.0,141.67479263630412,141.67479263630412
6706,19TH AVE NE AND NE 75TH ST,47.6830467093967,-122.307792137065,5,41588.0,0.0,0.0,20503.0,21085.0,0.0,0.0,0.0,0.0,135.91714742780158,135.12543346394926
52307,25TH AVE S AND RAINIER AVE S,47.5815644502341,-122.300604090325,2,41521.0,0.0,21275.0,0.0,0.0,0.0,0.0,20246.0,0.0,50.83980457664589,50.83980457664589
23510,MERIDIAN AVE N AND N 45TH ST,47.6613865789744,-122.333717788634,5,41432.0,0.0,4924.0,13900.0,22608.0,0.0,0.0,0.0,0.0,143.55126499527478,139.97321399563893
44132,14TH AVE S AND S MAIN ST,47.6000109142862,-122.314133003993,7,41264.0,15880.0,7292.0,0.0,0.0,0.0,0.0,0.0,0.0,145.56217165724735,145.56217165724732
5518,SUNNYSIDE AVE N AND N 80TH W ST,47.6868655881892,-122.329681302754,3,41070.0,0.0,0.0,15437.0,5098.0,0.0,0.0,0.0,0.0,93.83483583380206,93.83483583380206
66656,M L KING JR WR WAY S AND S HUDSON ST,47.557059461365,-122.291120513402,4,40998.0,0.0,0.0,0.0,0.0,0.0,24185.0,0.0,0.0,147.54931846297075,147.54931846297075
5722,WOODLAWN AVE NE AND NE 71ST ST,47.6797989381237,-122.324539754157,9,40678.0,0.0,0.0,10286.0,16829.0,0.0,0.0,0.0,0.0,126.45029877115896,126.45029877115897
7756,35TH AVE NE AND NE 65TH ST,47.6757834921911,-122.290273358062,10,40526.0,0.0,0.0,10299.0,17296.0,0.0,0.0,0.0,0.0,136.82669350716714,136.82669350716714
7311,47TH AVE NE AND NE 75TH ST,47.6830341235104,-122.277467638395,11,40497.0,0.0,0.0,12249.0,10794.0,0.0,0.0,0.0,0.0,111.11024233041093,111.11024233041094
5123,ROOSEVELT WAY NE AND NE 81ST ST,47.6874741611727,-122.317565559773,5,40428.0,5294.0,22591.0,0.0,0.0,0.0,0.0,0.0,0.0,135.34351960608737,135.34351960608737
81740,51ST AVE S AND S ROXBURY ST,47.5168511370522,-122.270024767185,6,40397.0,10529.0,11878.0,0.0,0.0,0.0,0.0,0.0,0.0,54.76571422809414,54.76571422809413
22599,N 45TH ST AND N PHINNEY WAY,47.6613931776416,-122.347644774571,4,40321.0,0.0,0.0,0.0,0.0,0.0,0.0,40321.0,0.0,122.67562637518736,122.67562637518736
44309,8TH AVE S AND S DEARBORN ST,47.5958311665993,-122.322458664242,4,40212.0,0.0,0.0,13025.0,27187.0,0.0,0.0,0.0,0.0,133.68430344704146,133.68430344704146
72126,BEACON WR AVE S AND S HOLLY N ST,47.5429100839578,-122.299566975268,8,40125.0,10637.0,7858.0,0.0,0.0,0.0,0.0,0.0,0.0,128.82819377560463,118.02557694238084
36513,BELMONT AVE E AND LAKEVIEW BLVD E,47.6283245103293,-122.327099924111,6,39994.0,0.0,0.0,0.0,0.0,0.0,8013.0,11987.0,0.0,108.46812758292678,108.46812758292678
220452,NE 125TH ST AND NE 125TH SR ST,47.7195837005568,-122.317680377336,4,39988.0,0.0,0.0,9359.0,0.0,0.0,30629.0,0.0,0.0,62.97131283783315,62.46334563257218
49710,SW ADMIRAL WAY AND SW HANFORD E ST,47.5755552198858,-122.37471762938,3,39514.0,12280.0,13203.0,0.0,0.0,0.0,0.0,0.0,0.0,107.62086552449243,107.62086552449243
219739,NORTH PARK AVE N AND N 125TH ST,47.7195848229589,-122.349480095206,9,39458.0,0.0,0.0,17814.0,14769.0,0.0,0.0,0.0,0.0,87.21723762042463,87.21723762042463
35457,FAIRVIEW AVE N AND MERCER S SR ST,47.6242653491425,-122.334285138604,4,39330.0,18774.0,6941.0,0.0,0.0,0.0,0.0,0.0,0.0,77.6409093389865,77.6409093389865
22164,STONE WAY N AND N LUCAS PL,47.655927149141,-122.342412514181,4,39231.0,7871.0,16005.0,0.0,0.0,0.0,0.0,0.0,0.0,130.21180505157508,114.76620059397672
82199,4TH W AVE AND 4TH AVE,47.618154671261,-122.348647011982,7,39055.0,7261.0,0.0,0.0,0.0,0.0,31794.0,0.0,0.0,46.79814363965355,46.79814363965356
22104,DENSMORE AVE N AND N 45TH W ST,47.6613870273953,-122.337687753432,4,39024.0,0.0,0.0,17030.0,7403.0,0.0,0.0,0.0,0.0,107.90019712876838,107.90019712876838
70453,2ND AV SW TURN RD AND HIGHLAND PARK WAY SW,47.5396536455883,-122.336343654375,4,38772.0,0.0,0.0,10117.0,0.0,28655.0,0.0,0.0,0.0,138.16601494013403,138.16601494013403
5452,HILLMAN PL NE AND NE 65TH ST,47.675875411068,-122.322837895519,5,38660.0,0.0,0.0,18125.0,6874.0,0.0,0.0,0.0,0.0,62.465834923706275,62.46583492370628
230772,30TH AVE NW AND NW 85TH ST,47.6905703854745,-122.395831046589,10,38422.0,0.0,0.0,8055.0,12639.0,0.0,0.0,0.0,0.0,135.33576270198787,135.3357627019879
66721,33RD AVE S AND S ORCAS ST,47.5510401482491,-122.290437317839,12,38078.0,0.0,0.0,9377.0,9672.0,0.0,0.0,0.0,0.0,139.0029628626052,138.9781144212498
39114,BOREALIS AVE AND DENNY WAY,47.6185566036003,-122.343650130385,5,38052.0,0.0,0.0,0.0,5873.0,0.0,0.0,0.0,17941.0,138.76265421950504,117.75898371595356
52327,M L KING JR WAY S AND S MCCLELLAN ST,47.5783471461261,-122.296188093807,6,37992.0,0.0,0.0,10350.0,17147.0,0.0,0.0,0.0,0.0,123.99065089739997,123.99065089739997
4508,GREENWOOD AVE N AND N 82ND ST,47.6883895888899,-122.355300543276,6,37840.0,9607.0,9312.0,0.0,0.0,0.0,0.0,0.0,0.0,131.517728467672,131.517728467672
39115,6TH AVE AND WALL ST,47.6180216939574,-122.344451718306,11,37458.0,0.0,0.0,0.0,0.0,0.0,37458.0,0.0,0.0,119.19689280956489,119.19689280956487
232507,GREENWOOD AVE N AND N 103RD ST,47.7036345591711,-122.355437578094,5,37447.0,11093.0,5351.0,0.0,0.0,0.0,0.0,0.0,0.0,131.63962420049253,131.63962420049253
32737,MCGILVRA BLVD E AND E MADISON S ST,47.6333718127972,-122.281578494916,6,37147.0,0.0,0.0,0.0,0.0,10436.0,0.0,0.0,16008.0,90.83389303419472,90.83389303419472
5353,12TH AVE NE AND NE 70TH ST,47.6794521632237,-122.31566759988,6,37091.0,37091.0,0.0,0.0,0.0,0.0,0.0,0.0,0.0,127.77958644590386,127.77958644590386
36751,SUMMIT AVE E AND E LORETTA PL,47.6192211264002,-122.325290390677,4,36861.0,0.0,0.0,0.0,0.0,18383.0,0.0,0.0,18478.0,115.42613090713238,115.42613090713238
75106,CALIFORNIA AVE SW AND SW ELMGROVE ST,47.5307832057934,-122.387368835042,10,36860.0,6715.0,14847.0,0.0,0.0,0.0,0.0,0.0,0.0,136.40993215031315,136.40993215031315
56610,11TH CR AVE SW AND SW SPOKANE ST,47.571413017941,-122.34880038873,5,36406.0,0.0,0.0,0.0,36406.0,0.0,0.0,0.0,0.0,90.16462847548017,90.16462847548017
11139,RUSSELL AVE NW AND NW MARKET ST,47.6686767755949,-122.383111706113,5,36293.0,0.0,0.0,19348.0,5638.0,0.0,0.0,0.0,0.0,120.94176481226775,120.94176481226775
219539,GREENWOOD AVE N AND N 136TH ST,47.7282277891432,-122.355557999827,2,36027.0,0.0,12046.0,0.0,0.0,0.0,0.0,0.0,0.0,93.09882148943475,93.09882148943475
31321,25TH AVE E AND BOYER AVE E,47.6349904479903,-122.30060721993,9,35830.0,0.0,0.0,2255.0,3245.0,0.0,4883.0,7532.0,0.0,125.87455115654562,125.87455115654562
23550,4TH AVE NE AND NE 40TH ST,47.6555286234672,-122.324563967953,7,35512.0,0.0,4188.0,8858.0,6804.0,0.0,0.0,0.0,0.0,137.24566125681508,137.24566125681508
40532,MELROSE AVE AND PIKE ST,47.6139302296681,-122.327804576986,6,35430.0,0.0,0.0,0.0,5050.0,16331.0,0.0,0.0,4645.0,127.34048038352277,127.34048038352277
7345,55TH AVE NE AND NE 70TH ST,47.6793878450043,-122.268959538927,9,35234.0,0.0,0.0,9751.0,7898.0,0.0,0.0,0.0,0.0,105.52437665761852,105.52437665761852
55103,SW SPOKANE ST AND WEST MARGINAL WAY SW,47.5720954009547,-122.360010283191,5,35185.0,0.0,0.0,7246.0,27939.0,0.0,0.0,0.0,0.0,111.89737444232455,111.89737444232455
43118,WESTERN AVE AND YESLER WAY,47.6017222551948,-122.335549407935,9,35135.0,0.0,0.0,12318.0,5389.0,0.0,0.0,0.0,0.0,82.11206618825517,82.11206618825517
231732,15TH AVE NW AND NW 87TH ST,47.6924293942667,-122.376802659844,3,35131.0,17247.0,17169.0,715.0,0.0,0.0,0.0,0.0,0.0,133.20377498508483,132.80567070783118
5136,ROOSEVELT WAY NE AND NE 78TH ST,47.6852923437839,-122.317527446,6,35074.0,10970.0,13557.0,0.0,0.0,0.0,0.0,0.0,0.0,132.99244150296678,132.99244150296678
23190,ROOSEVELT WAY NE AND NE 40TH ALLEY ST,47.6563018492588,-122.317834238813,5,34911.0,3837.0,16471.0,0.0,0.0,14603.0,0.0,0.0,0.0,106.65978738166264,85.64359007343383
29555,AURORA AVE N AND HALLADAY ST,47.6422551243853,-122.346943259091,4,34841.0,0.0,0.0,9623.0,10594.0,0.0,0.0,0.0,0.0,61.41983417492359,61.41983417492359
57662,5TH AVE S AND S SPOKANE NR ST,47.5716748571056,-122.327470588963,3,34658.0,0.0,0.0,0.0,34658.0,0.0,0.0,0.0,0.0,87.37526669940513,87.37526669940513
23505,1ST AVE NE AND NE 45TH ST,47.6613597839111,-122.328260756883,3,34656.0,0.0,0.0,8590.0,8738.0,0.0,0.0,0.0,0.0,124.01527862058005,124.01527862058005
57129,9TH AVE S AND S CHARLESTOWN ST,47.5698352483263,-122.321350626803,5,34597.0,0.0,11639.0,0.0,22958.0,0.0,0.0,0.0,0.0,38.74946412622867,38.74946412622867
227503,24TH AVE NE AND NE 125TH W ST,47.7193340919021,-122.303836867909,3,34388.0,0.0,0.0,7136.0,10058.0,0.0,0.0,0.0,0.0,116.22022432094651,116.22022432094651
10144,32ND AVE NW AND NW 56TH ST,47.6694967745743,-122.398321915787,12,34344.0,7808.0,9351.0,0.0,0.0,0.0,0.0,0.0,0.0,127.58401200159913,127.58401200159913
15860,17TH NB AVE NE AND NE 45TH ST,47.6612592526251,-122.309512237135,3,34281.0,0.0,0.0,22229.0,12052.0,0.0,0.0,0.0,0.0,139.33049190633827,139.33049190633827
57504,4TH AVE S AND S HORTON ST,47.5743840464203,-122.32905915239,2,34235.0,34235.0,0.0,0.0,0.0,0.0,0.0,0.0,0.0,124.52970017242109,124.52970017242109
6301,34TH AVE NE AND NE 75TH ST,47.6830486450903,-122.291558098341,5,34234.0,0.0,0.0,27857.0,6377.0,0.0,0.0,0.0,0.0,132.91590157992184,132.91590157992184
39140,6TH AVE AND VIRGINIA ST,47.6143914036129,-122.338314343807,6,34180.0,0.0,0.0,7598.0,0.0,19919.0,0.0,0.0,0.0,106.22824319456609,106.22824319456608
11135,24TH AVE NW AND NW 57TH ST,47.6701871938226,-122.387587321158,5,34080.0,6559.0,27521.0,0.0,0.0,0.0,0.0,0.0,0.0,132.95921562448626,132.95921562448626
55327,DELRIDGE WAY SW AND SW GENESEE ST,47.5647286181955,-122.363313885547,12,33784.0,0.0,0.0,10771.0,6519.0,0.0,0.0,0.0,0.0,129.51263716333187,129.51263716333187
22811,FREMONT TURN RD AND N 38TH ST,47.6526321966516,-122.347561485941,9,33673.0,0.0,17173.0,7.0,189.0,3241.0,0.0,0.0,4813.0,106.22731967605829,90.04730022058773
227507,20TH AVE NE AND NE 125TH ST,47.719365232238,-122.307271765142,4,33489.0,0.0,0.0,17158.0,16331.0,0.0,0.0,0.0,0.0,102.01685259359695,102.01685259359695
5106,5TH AVE NE AND NE 82ND ST,47.6882322369053,-122.322972529572,5,33311.0,10270.0,11649.0,0.0,0.0,0.0,0.0,0.0,0.0,132.3300136043039,132.3300136043039
80313,YUKON AVE S AND S HENDERSON ST,47.5233140531401,-122.277027249908,7,33114.0,0.0,0.0,27716.0,5398.0,0.0,0.0,0.0,0.0,76.59124505466653,76.59124505466652
12110,6TH AVE NW AND NW 65TH E ST,47.6759915833997,-122.363527527503,5,33074.0,0.0,0.0,11377.0,10985.0,0.0,0.0,0.0,0.0,58.73873557885356,58.738735578853564
220720,MERIDIAN AVE N AND N 132ND ST,47.7243257874569,-122.334187759776,12,33056.0,5509.0,7892.0,0.0,0.0,0.0,1336.0,1281.0,0.0,128.42945916439112,128.42945916439112
75127,35TH AVE SW AND SW ROSE ST,47.5290096039992,-122.376637165709,4,33027.0,0.0,33027.0,0.0,0.0,0.0,0.0,0.0,0.0,131.62303594370886,131.62303594370886
37535,21ST AVE E AND E ALOHA ST,47.6268339800569,-122.304779496676,9,32978.0,0.0,0.0,8616.0,7993.0,0.0,0.0,0.0,0.0,148.4507111393131,148.4507111393131
64508,4TH AVE S AND S DAWSON ST,47.5556364469378,-122.329531013285,8,32885.0,21206.0,0.0,2671.0,5728.0,0.0,0.0,0.0,0.0,141.01227335047832,139.30366115439335
44317,DEARBORN PL S AND S DEARBORN ST,47.5958132926517,-122.312203703148,3,32849.0,0.0,0.0,32849.0,0.0,0.0,0.0,0.0,0.0,83.83774521515497,83.83774521515497
14259,COWEN PL NE AND UNIVERSITY WAY NE,47.671204301325,-122.313035026642,10,32736.0,0.0,0.0,8827.0,12213.0,0.0,0.0,11696.0,0.0,143.22202035391746,141.5979193562344
13517,WOODLAND PL N AND N 63RD ST,47.6745776961117,-122.347683896208,3,32620.0,0.0,0.0,0.0,0.0,0.0,10037.0,6336.0,0.0,134.78311924719642,134.78311924719642
30126,10TH AVE E AND E ROANOKE W ST,47.6431945558326,-122.32005642944,4,32467.0,0.0,0.0,29947.0,2520.0,0.0,0.0,0.0,0.0,56.800319299417055,56.800319299417055
4752,PHINNEY AVE N AND N 65TH ST,47.6760225701386,-122.354353220322,6,32254.0,0.0,0.0,10016.0,12598.0,0.0,0.0,0.0,0.0,122.32398085339575,120.67455773367834
13354,MERIDIAN AVE N AND N 49TH ST,47.6642917458404,-122.333725062539,11,31880.0,11238.0,6744.0,0.0,0.0,0.0,0.0,0.0,0.0,135.1917135149225,130.77342584452143
23261,12TH AVE NE AND NE CAMPUS EB PY,47.656012208751,-122.315572183336,7,31705.0,0.0,0.0,31705.0,0.0,0.0,0.0,0.0,0.0,141.43898912214758,141.4389891221476
31318,24TH AVE E AND BOYER AVE E,47.635244177344,-122.301565375858,7,31666.0,0.0,0.0,0.0,0.0,0.0,10652.0,12911.0,0.0,106.62654516083487,106.62654516083488
63116,1ST AVE S AND S BRANDON ST,47.5541661832448,-122.334215178339,4,31374.0,8677.0,22697.0,0.0,0.0,0.0,0.0,0.0,0.0,134.51142870552272,134.51142870552272
6353,29TH AVE NE AND NE 65TH ST,47.6757781724246,-122.296431844344,5,31311.0,0.0,0.0,5037.0,16176.0,0.0,0.0,0.0,0.0,120.83511081476038,120.83511081476038
6305,30TH AVE NE AND NE 75TH ST,47.6830478954926,-122.295885829343,4,30848.0,0.0,0.0,15290.0,15558.0,0.0,0.0,0.0,0.0,137.78607657513115,137.78607657513115
66718,M L KING JR WR WAY S AND S ORCAS ST,47.5512302707341,-122.288095736254,2,30825.0,0.0,30825.0,0.0,0.0,0.0,0.0,0.0,0.0,138.63714973489948,138.63714973489948
21459,2ND AVE NW AND NW 36TH W ST,47.6533339786793,-122.359312085076,3,30809.0,0.0,0.0,0.0,0.0,0.0,30809.0,0.0,0.0,132.78745461779627,132.78745461779627
31515,22ND AVE E AND E ROANOKE ST,47.6431609162226,-122.30377618045,5,30754.0,0.0,0.0,3160.0,1465.0,0.0,0.0,21503.0,0.0,128.4729284233969,104.71050647040856
52111,24TH AVE S AND S MASSACHUSETTS ST,47.5883454955884,-122.301287756716,6,30626.0,0.0,0.0,7075.0,7695.0,0.0,0.0,0.0,0.0,139.4455901138785,139.44559011387852
22106,WOODLAWN AVE N AND N 45TH W ST,47.661385852318,-122.339156606148,6,30568.0,299.0,231.0,7536.0,7205.0,0.0,0.0,0.0,0.0,134.52017244951628,103.55187512917034
36372,15TH AVE E AND E JOHN ST,47.6199672979692,-122.312718950174,4,30464.0,15172.0,15292.0,0.0,0.0,0.0,0.0,0.0,0.0,97.24971174166413,97.24971174166413
15315,25TH AVE NE AND NE 54TH ST,47.667978352939,-122.300616114948,3,30338.0,30338.0,0.0,0.0,0.0,0.0,0.0,0.0,0.0,99.8350288984468,99.8350288984468
6358,32ND AVE NE AND NE 65TH W ST,47.6757809021334,-122.293264069818,5,30317.0,0.0,0.0,14699.0,5269.0,0.0,0.0,0.0,0.0,95.34905458344471,83.10491517654096
30313,10TH AVE E AND E BOSTON ST,47.6384032249334,-122.320071296433,7,30259.0,0.0,0.0,6427.0,10349.0,0.0,0.0,0.0,0.0,129.99642677872814,129.99642677872814
55651,SW AVALON WAY AND SW SPOKANE SR ST,47.5713677998952,-122.370626012774,5,30253.0,10677.0,5501.0,0.0,0.0,2806.0,0.0,0.0,0.0,51.48906818273943,47.6645080574665
37754,E DENNY WAY AND E MADISON ST,47.6180864321665,-122.304159294869,4,30216.0,0.0,0.0,0.0,0.0,7589.0,0.0,0.0,22627.0,86.82313152635868,86.82313152635868
39365,MADISON ST AND WESTERN AVE,47.6042302722387,-122.337348689735,5,30062.0,0.0,0.0,0.0,6048.0,0.0,0.0,0.0,24014.0,75.04001090019109,75.04001090019109
68138,CALIFORNIA AVE SW AND SW FRONTENAC ST,47.5407309601225,-122.387260411653,6,30050.0,12344.0,9411.0,0.0,0.0,0.0,0.0,0.0,0.0,147.04829101711306,147.0482910171131
4703,WINONA AVE N AND N 74TH ST,47.6825659540835,-122.344958439635,6,30042.0,0.0,0.0,0.0,0.0,12109.0,0.0,0.0,9500.0,69.46750502034278,69.46750502034278
14502,WOODLAWN AVE N AND N 64TH ST,47.6752116133129,-122.332258089326,11,29914.0,0.0,0.0,7982.0,10687.0,0.0,0.0,0.0,0.0,128.36347570826996,128.36347570827
968,12TH AVE S TURN RD AND S WASHINGTON ST,47.6008293729691,-122.317290113669,4,29723.0,25738.0,3985.0,0.0,0.0,0.0,0.0,0.0,0.0,104.7994005898469,104.7994005898469
82200,4TH E AVE AND 4TH AVE,47.6183847831619,-122.348893668887,6,29505.0,28911.0,0.0,0.0,594.0,0.0,0.0,0.0,0.0,34.64401928438927,34.64401928438928
13544,AURORA AVE N AND N 61ST ST,47.6731504730652,-122.347248329955,9,29472.0,29472.0,0.0,0.0,0.0,0.0,0.0,0.0,0.0,72.98029939898413,72.98029939898413
39122,BOREN AVE AND VIRGINIA ST,47.6177136358993,-122.334017901215,5,29418.0,6775.0,0.0,0.0,0.0,8045.0,14598.0,0.0,0.0,43.32826428985544,39.95444246808793
40520,BOREN AVE AND OLIVE WAY,47.6154497181432,-122.330729697065,5,29204.0,0.0,0.0,8553.0,1702.0,9484.0,0.0,0.0,0.0,115.79621136913207,115.79621136913207
7363,48TH AVE NE AND NE 65TH ST,47.6757796473937,-122.276878352344,11,29142.0,0.0,0.0,7623.0,5843.0,0.0,0.0,0.0,0.0,79.13806337779322,79.1380633777932
12745,11TH AVE NW AND NW BALLARD WAY,47.6629285662726,-122.370767454235,12,29103.0,12247.0,11901.0,0.0,0.0,0.0,0.0,0.0,0.0,132.98917826250224,132.790889197577
51712,1ST AVE S AND S LANDER ST,47.5798111383591,-122.334200815738,4,29051.0,0.0,0.0,0.0,29051.0,0.0,0.0,0.0,0.0,114.94854798363362,114.94854798363362
29557,6TH AVE N AND HALLADAY ST,47.6422535217615,-122.345979043355,3,28953.0,0.0,0.0,5608.0,8869.0,0.0,0.0,0.0,0.0,57.428083149883925,57.428083149883925
37741,22ND AVE E AND E JOHN ST,47.6202130414434,-122.303619611925,6,28922.0,0.0,0.0,7393.0,7071.0,0.0,0.0,0.0,0.0,137.61072628156072,137.61072628156072
56114,DUWAMISH AVE S AND EAST MARGINAL SB WAY S,47.5691294096026,-122.339708944077,4,28888.0,3348.0,0.0,0.0,0.0,0.0,5225.0,7541.0,0.0,124.40600776862294,111.50681812789146
64723,4TH AVE S AND S MEAD ST,47.5510759669446,-122.329572014735,3,28805.0,9542.0,19263.0,0.0,0.0,0.0,0.0,0.0,0.0,145.79366051736181,123.26851691389454
82196,WEST MARGINAL WAY SW AND SW SPOKANE ST,47.5713088731036,-122.356587212968,4,28670.0,0.0,0.0,13784.0,0.0,0.0,7699.0,7187.0,0.0,27.476643440090992,27.476643440090992
7757,36TH AVE NE AND NE 65TH W ST,47.6757840927429,-122.289162555981,6,28399.0,0.0,0.0,6879.0,7182.0,0.0,0.0,0.0,0.0,27.840817044820955,27.840817044820955
70724,15TH AVE SW AND SW HOLDEN ST,47.5336859781152,-122.353914922083,4,28320.0,0.0,0.0,6298.0,22022.0,0.0,0.0,0.0,0.0,137.53677739613707,137.53677739613707
51717,6TH AVE S AND S FOREST ST,47.5777250874206,-122.325977925544,7,28308.0,0.0,0.0,6823.0,17208.0,0.0,0.0,0.0,0.0,94.5115563548564,94.51155635485641
21252,7TH AVE NW AND NW 43RD ST,47.6589433346561,-122.36504637173,2,28154.0,0.0,0.0,0.0,0.0,0.0,14631.0,13523.0,0.0,75.58814455605005,75.58814455605005
15327,RAVENNA PL NE AND NE BLAKELEY ST,47.6662801126894,-122.301188841667,5,28062.0,0.0,0.0,14444.0,3580.0,0.0,0.0,0.0,0.0,71.80198445813656,71.80198445813656
14132,12TH AVE NE AND NE RAVENNA EB BV,47.6715065240671,-122.315189742387,7,28054.0,0.0,0.0,4187.0,14280.0,0.0,3845.0,5742.0,0.0,93.34264011528076,89.43963818012286
39108,9TH AVE AND DENNY WAY,47.6185381915878,-122.339375751361,2,27939.0,0.0,0.0,15088.0,12851.0,0.0,0.0,0.0,0.0,56.3065349421628,56.3065349421628
14120,12TH AVE NE AND NE 62ND ST,47.6733342467695,-122.315657741031,6,27766.0,27766.0,0.0,0.0,0.0,0.0,0.0,0.0,0.0,149.54870713676195,149.54870713676198
6740,16TH AVE NE AND NE 65TH ST,47.6757824804871,-122.310857862793,4,27733.0,0.0,0.0,6821.0,7234.0,0.0,0.0,0.0,0.0,131.50740259776435,131.50740259776435
82002,SW KLICKITAT NR WAY AND SW KLICKITAT NR WY TURN RD,47.5712849350288,-122.350976530225,5,27677.0,0.0,0.0,0.0,0.0,0.0,1949.0,17500.0,0.0,76.0770774006203,72.50166853139575
6742,18TH AVE NE AND NE 65TH ST,47.67578052962,-122.308714406034,3,27662.0,0.0,0.0,6545.0,7287.0,0.0,0.0,0.0,0.0,131.50197492120137,131.50197492120137
70110,HIGHLAND PARK WAY SW AND WEST MARGINAL WAY SW,47.5403529773294,-122.342181392889,6,27662.0,0.0,0.0,0.0,0.0,0.0,23302.0,4360.0,0.0,113.2328300038053,113.23283000380529
2113,24TH AVE NW AND NW 80TH ST,47.6868027649869,-122.387592771701,8,27629.0,0.0,0.0,11522.0,5156.0,0.0,0.0,0.0,0.0,137.7641642376844,137.7641642376844
7715,35TH AVE NE AND NE 75TH ST,47.6830482351033,-122.290478894277,5,27609.0,0.0,0.0,5135.0,22474.0,0.0,0.0,0.0,0.0,129.50565904149497,129.50565904149497
15861,RAVENNA AVE NE AND NE 54TH E ST,47.6680258523744,-122.303389604208,5,27476.0,0.0,0.0,4474.0,8097.0,0.0,0.0,0.0,0.0,61.64497558148858,61.64497558148857
65535,15TH AVE S AND S PEARL ST,47.5563834325046,-122.313450700772,3,27449.0,9159.0,4507.0,0.0,0.0,0.0,0.0,0.0,0.0,137.57117039492246,137.57117039492246
22109,STONE WAY N AND N 45TH ST,47.6613852968458,-122.342145360965,4,27227.0,6058.0,21169.0,0.0,0.0,0.0,0.0,0.0,0.0,134.518767751499,134.518767751499
24102,MONTLAKE BLVD NE AND NE 45TH ST,47.6610877878891,-122.298341529265,4,27149.0,0.0,0.0,7262.0,0.0,0.0,3886.0,6057.0,0.0,136.8631378391374,136.8631378391374
31510,22ND AVE E AND EAST MONTLAKE PL E,47.6436996615981,-122.303819964188,2,27070.0,0.0,0.0,0.0,0.0,0.0,27070.0,0.0,0.0,58.248197582577426,58.248197582577426
22710,GREENWOOD AVE N AND N 39TH ST,47.6541533761863,-122.355487097287,3,27040.0,0.0,0.0,6552.0,6968.0,0.0,0.0,0.0,0.0,125.85752762380592,125.85752762380592
57338,15TH AVE S AND S OREGON ST,47.5635038792028,-122.313511318889,3,27004.0,19134.0,7870.0,0.0,0.0,0.0,0.0,0.0,0.0,144.92808171056328,144.92808171056328
12105,3RD AVE NW AND NW 65TH ST,47.6759964540452,-122.360695016975,4,26939.0,0.0,0.0,9177.0,7220.0,0.0,0.0,0.0,0.0,98.9219229915179,98.9219229915179
11455,15TH SB AVE NW AND NW 46TH ST,47.6622049395933,-122.376330633428,3,26753.0,0.0,0.0,5530.0,7860.0,0.0,0.0,0.0,0.0,27.471160074847443,27.471160074847443
58364,29TH AVE S AND S COLUMBIAN WAY,47.5624199382041,-122.295792245227,9,26711.0,0.0,0.0,2509.0,3313.0,2914.0,0.0,0.0,4621.0,147.82033704666512,147.82033704666512
6521,18TH AVE NE AND NE 80TH ST,47.6866754932596,-122.308924498926,12,26592.0,0.0,0.0,7711.0,5461.0,0.0,0.0,0.0,0.0,132.0930329642309,132.09303296423087
14326,5TH AVE NE AND NE 50TH ST,47.6649753648497,-122.322862561489,3,26440.0,0.0,26440.0,0.0,0.0,0.0,0.0,0.0,0.0,131.42567461064914,131.42567461064914
996,BEACON AVE S AND BEACON WR S AVE S,47.5619408841333,-122.305130602861,4,26436.0,13737.0,12699.0,0.0,0.0,0.0,0.0,0.0,0.0,136.33554818079782,136.05285917355738
56104,EAST MARGINAL WAY S AND S HORTON ST,47.574388439978,-122.339933959524,7,26267.0,11767.0,10198.0,0.0,0.0,0.0,0.0,0.0,0.0,127.12503223433959,127.12503223433961
2518,27TH AVE NW AND NW 80TH ST,47.6867812469573,-122.39085543267,9,26248.0,0.0,0.0,6764.0,6548.0,0.0,0.0,0.0,0.0,131.52682818453422,131.52682818453422
5375,OSWEGO PL NE AND NE 65TH ST,47.6758626446965,-122.321300978908,3,26051.0,0.0,0.0,0.0,26051.0,0.0,0.0,0.0,0.0,67.90641945174524,67.90641945174524
80154,RENTON AVE S AND S CLOVERDALE ST,47.5261190463157,-122.27694093767,11,26044.0,0.0,0.0,8232.0,8395.0,0.0,0.0,0.0,0.0,137.9383702452863,136.8983238188051
13743,FREMONT AVE N AND N 47TH ST,47.6628754210281,-122.350028436275,11,26020.0,8650.0,4730.0,0.0,0.0,0.0,0.0,0.0,0.0,129.9673875113113,129.96738751131127
227501,24TH E AVE NE AND NE 125TH ST,47.7193254740349,-122.30288859715,3,26004.0,0.0,0.0,8458.0,17546.0,0.0,0.0,0.0,0.0,125.51652385496698,125.51652385496698
44540,3RD AVE S AND S JACKSON ST,47.5991986917223,-122.330275808389,4,26003.0,0.0,0.0,11905.0,14098.0,0.0,0.0,0.0,0.0,73.18074739510406,73.18074739510406
22707,DAYTON AVE N AND N 39TH E ST,47.6541407736786,-122.352347431183,3,25994.0,0.0,0.0,4974.0,8023.0,0.0,0.0,0.0,0.0,131.45594801842878,131.45594801842878
221852,15TH ER AVE NE AND NE 130TH PL,47.7252422434863,-122.312406976125,3,25980.0,16539.0,9441.0,0.0,0.0,0.0,0.0,0.0,0.0,147.49405986269156,147.49405986269156
230346,24TH AVE NW AND NW 85TH ST,47.6905754537584,-122.387598107099,4,25966.0,0.0,0.0,10218.0,5210.0,0.0,0.0,0.0,0.0,145.65915494780685,145.65915494780685
13520,WOODLAND PL N AND N 62ND ST,47.6738635821853,-122.347681693515,10,25682.0,4084.0,9979.0,0.0,0.0,0.0,0.0,0.0,0.0,129.7434709315306,129.74347093153057
15753,20TH AVE NE AND NE 45TH ST,47.6612571303016,-122.306528214373,2,25607.0,0.0,0.0,0.0,25607.0,0.0,0.0,0.0,0.0,129.50493416707323,129.50493416707323
40453,BROADWAY AND MINOR AVE,47.6064689893291,-122.320750329114,4,25605.0,13113.0,12492.0,0.0,0.0,0.0,0.0,0.0,0.0,136.18435268431085,91.47693607959602
40251,SENECA ST AND E UNION ST,47.6129809040854,-122.321753902826,6,25414.0,0.0,0.0,12426.0,4823.0,0.0,0.0,0.0,0.0,122.3235454059806,108.91822940997643
76331,DELRIDGE WAY SW AND SW BARTON ST,47.52102995321,-122.358456209428,3,25375.0,0.0,0.0,0.0,0.0,0.0,6528.0,6149.0,0.0,105.46445243221832,105.46445243221832
23501,4TH AVE NE AND NE 45TH ST,47.6613387041751,-122.32403639473,2,25299.0,0.0,0.0,25299.0,0.0,0.0,0.0,0.0,0.0,132.58352286063067,132.58352286063067
5388,15TH AVE NE AND NE 66TH ST,47.6765071125315,-122.311944511505,5,25284.0,3536.0,14321.0,0.0,0.0,0.0,0.0,0.0,0.0,131.99808957376547,131.99808957376547
14711,LATONA AVE NE AND NE 54TH ST,47.6678863429093,-122.325562766519,8,25266.0,7511.0,4017.0,0.0,0.0,0.0,0.0,0.0,0.0,131.9903735404986,131.9903735404986
22159,WOODLAWN AVE N AND N 40TH ST,47.6556610022314,-122.338643826325,3,25250.0,0.0,0.0,6365.0,6260.0,0.0,0.0,0.0,0.0,146.55351409603344,146.55351409603344
5736,4TH AVE NE AND WOODLAWN S AVE NE,47.6778551700915,-122.32618602493,9,25248.0,0.0,0.0,0.0,0.0,4905.0,794.0,0.0,6943.0,131.36687410876587,131.36687410876587
22309,BRIDGE WAY N AND N 39TH E ST,47.6540896501813,-122.343502370077,3,25101.0,0.0,0.0,0.0,0.0,5496.0,0.0,0.0,7048.0,91.34201742364101,91.34201742364102
52344,M L KING JR WAY S AND S WINTHROP ST,47.5759344959831,-122.296733173601,2,25064.0,25064.0,0.0,0.0,0.0,0.0,0.0,0.0,0.0,78.45956013892744,78.45956013892744
6746,21ST AVE NE AND NE 65TH E ST,47.6757772768796,-122.305166114658,3,25046.0,0.0,0.0,5757.0,6755.0,0.0,0.0,0.0,0.0,91.54589363046469,91.5458936304647
66542,M L KING JR ER WAY S AND S BENNETT ST,47.5542583905478,-122.289427170107,2,25019.0,0.0,8112.0,0.0,0.0,0.0,0.0,0.0,0.0,69.05870111668142,69.05870111668142
26301,CLISE PL W AND W LYNN ST,47.6391073480995,-122.399629327006,8,24916.0,1776.0,0.0,4843.0,4547.0,0.0,0.0,0.0,0.0,93.24334692592282,91.83430875736329
2358,17TH AVE NW AND NW 65TH ST,47.6759944875756,-122.378880880789,3,24906.0,0.0,0.0,6225.0,5992.0,0.0,0.0,0.0,0.0,134.42527648591215,134.42527648591215
37312,29TH AVE E AND E MADISON W ST,47.6239558229966,-122.295477863073,4,24884.0,0.0,0.0,0.0,0.0,4709.0,0.0,0.0,11572.0,123.85729745728153,123.85729745728153
14253,8TH AVE NE AND NE RAVENNA WB BV,47.6739303447928,-122.320057470628,6,24337.0,0.0,1015.0,0.0,0.0,0.0,11757.0,11565.0,0.0,116.35569419290401,88.89426612865613
52730,23RD AVE S AND S LANDER ST,47.5791733279093,-122.303320715971,6,24309.0,8765.0,15544.0,0.0,0.0,0.0,0.0,0.0,0.0,149.96468889121857,149.96468889121857
7332,47TH AVE NE AND NE 70TH E ST,47.6794091207183,-122.278005495507,7,24071.0,0.0,0.0,3369.0,8086.0,0.0,0.0,0.0,0.0,126.7410736542447,126.7410736542447
45721,20TH AVE S AND S CHARLES ST,47.5944945014316,-122.306214336683,10,24015.0,4473.0,6231.0,0.0,0.0,0.0,0.0,0.0,0.0,129.98947472899567,129.98947472899567
52509,18TH AVE S AND S MASSACHUSETTS ST,47.5884279256385,-122.30946700814,11,23885.0,0.0,0.0,4960.0,5801.0,0.0,0.0,0.0,0.0,132.81082338559423,132.0064338873775
48322,WALNUT AVE SW AND SW ADMIRAL WAY,47.5811699324363,-122.383264185096,2,23838.0,0.0,0.0,0.0,23838.0,0.0,0.0,0.0,0.0,76.58203008903352,76.58203008903352
21328,3RD AVE W AND W BERTONA ST,47.6504173358865,-122.360879743708,6,23820.0,4097.0,7816.0,0.0,0.0,0.0,0.0,0.0,0.0,74.62137194342765,74.62137194342766
13312,GREEN LAKE WAY N AND N CLOGSTON WAY,47.6684490508155,-122.340072909356,2,23704.0,11835.0,11869.0,0.0,0.0,0.0,0.0,0.0,0.0,61.09852683480901,61.09852683480901
13336,WOODLAND PARK AVE N AND N 50TH ST,47.6650040586908,-122.344518902193,4,23672.0,0.0,0.0,9636.0,4609.0,0.0,0.0,0.0,0.0,96.4646157183681,96.4646157183681
36502,EASTLAKE AVE E AND FAIRVIEW AVE N,47.6323030050853,-122.326052911155,4,23646.0,0.0,0.0,0.0,0.0,12479.0,0.0,0.0,11167.0,61.56737395912046,61.56737395912046
226109,5TH AVE NE AND NE 125TH ST,47.7194858050285,-122.323591492885,5,23534.0,8815.0,7115.0,0.0,0.0,0.0,0.0,0.0,0.0,135.31955185120347,135.31955185120347
61121,CALIFORNIA AVE SW AND SW DAWSON N ST,47.5564562668999,-122.386913205115,3,23524.0,6010.0,5752.0,0.0,0.0,0.0,0.0,0.0,0.0,137.24440234115121,137.24440234115121
27772,28TH AVE W AND W HAYES N ST,47.6344968169889,-122.393058912106,10,23359.0,5668.0,6792.0,0.0,0.0,0.0,0.0,0.0,0.0,114.47026320378409,114.47026320378409
22714,FREMONT WAY N AND N 38TH ST,47.6527275038245,-122.348588985672,3,23313.0,0.0,0.0,0.0,0.0,0.0,0.0,23313.0,0.0,37.48501579135604,37.48501579135604
20302,W EMERSON PL AND W EMERSON ST,47.653996696656,-122.380605391914,2,23313.0,0.0,0.0,0.0,0.0,0.0,23313.0,0.0,0.0,83.76158995733174,83.76158995733174
59659,S HORTON ST AND S HORTON NR ST,47.5733696632128,-122.281283140027,5,23280.0,11335.0,4340.0,0.0,0.0,0.0,0.0,0.0,0.0,117.24463635890382,117.24463635890382
54457,35TH AVE SW AND FAUNTLEROY N WAY SW,47.5655464344484,-122.376196386008,4,23276.0,4010.0,4340.0,0.0,0.0,0.0,0.0,0.0,0.0,92.14126956787138,92.14126956787138
306707,51ST AVE S AND S RYAN WAY,47.509538654218,-122.270067926678,3,23096.0,5530.0,6018.0,0.0,0.0,0.0,0.0,0.0,0.0,137.03750824541686,137.03750824541686
73665,M L KING JR WR WAY S AND S HOLLY ST,47.5424579658362,-122.28391543413,2,22958.0,11171.0,11787.0,0.0,0.0,0.0,0.0,0.0,0.0,133.80415867354682,133.80415867354682
29537,NOB HILL AVE N AND QUEEN ANNE DR,47.6427050751515,-122.350565855694,3,22868.0,0.0,0.0,0.0,0.0,4977.0,0.0,0.0,6457.0,131.47826248158276,131.47826248158276
10139,37TH PL NW AND NW 57TH ST,47.6704352032557,-122.404086993639,7,22848.0,0.0,0.0,0.0,0.0,0.0,8627.0,4719.0,0.0,141.5731501996966,141.57315019969658
57851,4TH AVE S AND S INDUSTRIAL EB WAY,47.5676675676252,-122.329234984405,2,22609.0,11639.0,10970.0,0.0,0.0,0.0,0.0,0.0,0.0,69.23128740314438,69.23128740314438
72274,BEACON ER AVE S AND S MONTEREY PL,47.5441418083802,-122.299652939039,7,22551.0,4192.0,11136.0,0.0,0.0,0.0,0.0,0.0,0.0,91.94851105400255,88.26866540958004
73739,BEACON WR AVE S AND S CHICAGO ST,47.5323718449509,-122.288776832177,5,22531.0,9830.0,4620.0,0.0,0.0,0.0,0.0,0.0,0.0,126.61161378689019,126.61161378689019
55213,CHELAN AVE SW AND SW SPOKANE NR ST,47.5716784398913,-122.361441377435,4,22482.0,0.0,0.0,0.0,0.0,6720.0,0.0,0.0,7984.0,86.98291687162317,86.98291687162317
36767,HOWELL ST AND YALE AVE,47.6175046180862,-122.329698790946,5,22454.0,0.0,0.0,0.0,0.0,12372.0,0.0,0.0,10082.0,79.5427139630722,79.5427139630722
57119,S COLUMBIAN WAY AND S SPOKANE ST,47.5716241785417,-122.314529837802,4,22447.0,0.0,0.0,3146.0,19301.0,0.0,0.0,0.0,0.0,58.182032934799686,45.727952452862304
29546,QUEEN ANNE DR AND WARREN AVE N,47.6418566910671,-122.354472461202,3,22413.0,0.0,0.0,5579.0,5656.0,0.0,0.0,0.0,0.0,117.08690632421599,117.08690632421599
28519,9TH AVE W AND W FULTON ST,47.6458562622823,-122.369373442096,9,22396.0,0.0,0.0,5151.0,4365.0,0.0,0.0,0.0,0.0,127.78614390382882,106.9332383187451
36308,HARVARD AVE E AND E ROY E ST,47.6251174306836,-122.321976202055,5,22390.0,0.0,0.0,8929.0,6362.0,0.0,0.0,0.0,0.0,79.13783958969842,79.13783958969842
30127,BROADWAY E AND E ROANOKE ST,47.6431929320543,-122.32085341242,2,22370.0,0.0,0.0,22370.0,0.0,0.0,0.0,0.0,0.0,97.7343332728478,97.7343332728478
222853,35TH AVE NE AND NE 130TH S ST,47.7226393998691,-122.290831268307,3,22304.0,11031.0,11273.0,0.0,0.0,0.0,0.0,0.0,0.0,61.45145268179776,61.451452681797754
5103,5TH AVE NE AND NE 84TH ST,47.6896777561327,-122.322990576637,3,22268.0,5046.0,6088.0,0.0,0.0,0.0,0.0,0.0,0.0,130.67207664688803,130.67207664688803
57501,6TH AVE S AND S HORTON ST,47.5743839961445,-122.32598015123,3,22265.0,4307.0,6825.0,0.0,0.0,0.0,0.0,0.0,0.0,124.595970995074,124.59597099507398
36668,FAIRVIEW AVE N AND SLUSC N OF WARD,47.6281901453676,-122.331567742708,3,22245.0,0.0,0.0,0.0,0.0,5439.0,0.0,0.0,5687.0,18.709397910035705,18.709397910035705
23135,8TH AVE NE AND NE 42ND ST,47.657517545423,-122.319790975439,9,22115.0,0.0,0.0,6375.0,4682.0,0.0,0.0,0.0,0.0,122.0734896623674,122.0734896623674
226456,PINEHURST WAY NE AND ROOSEVELT N WAY NE,47.7102785037022,-122.317672777763,5,22087.0,0.0,2775.0,0.0,0.0,4933.0,0.0,2742.0,11637.0,65.88146617446395,64.68978156087239
36305,BROADWAY E AND E ROY E ST,47.6250492032493,-122.320892989552,3,22077.0,7159.0,14918.0,0.0,0.0,0.0,0.0,0.0,0.0,142.25801239172839,142.25801239172839
232517,GREENWOOD AVE N AND N 100TH ST,47.7014610846135,-122.355414876816,3,22054.0,6019.0,5008.0,0.0,0.0,0.0,0.0,0.0,0.0,131.6391469041576,131.6391469041576
29324,DEXTER AVE N AND HOWE ST,47.63599560948,-122.342407556451,3,21961.0,4152.0,6141.0,0.0,0.0,0.0,0.0,0.0,0.0,129.82167854575414,129.82167854575414
227123,30TH AVE NE AND NE 120TH ST,47.7155962947844,-122.296460150495,7,21935.0,0.0,0.0,4716.0,7519.0,0.0,0.0,0.0,0.0,115.8208135674063,115.82081356740629
41525,15TH AVE AND E MADISON ST,47.6144989854245,-122.312771456201,10,21922.0,4717.0,7246.0,0.0,0.0,0.0,0.0,0.0,0.0,143.22905809562258,143.22905809562258
52572,23RD AVE S AND S COLLEGE ST,47.5829456803318,-122.302954096133,10,21628.0,0.0,0.0,5324.0,6708.0,0.0,0.0,0.0,0.0,69.61804089481213,69.61804089481213
43212,ALASKAN ER WAY S AND S KING ST,47.5982704978654,-122.335635724969,7,21615.0,0.0,0.0,8147.0,4103.0,0.0,0.0,0.0,0.0,149.24922968506112,149.24922968506112
12749,LEARY WAY NW AND NW 46TH ST,47.662195405515,-122.367865128868,4,21610.0,0.0,0.0,8479.0,4355.0,0.0,0.0,0.0,0.0,91.72477384242536,91.72477384242536
45115,M L KING JR WAY AND E YESLER WAY,47.6016561525327,-122.296767842984,4,21558.0,14877.0,0.0,0.0,6681.0,0.0,0.0,0.0,0.0,146.2897245325447,121.29032384692032
68109,CALIFORNIA AVE SW AND SW BEVERIDGE PL,47.5453254698291,-122.387210104687,3,21550.0,0.0,21550.0,0.0,0.0,0.0,0.0,0.0,0.0,82.20730106076728,82.20730106076728
5303,BROOKLYN AVE NE AND NE 75TH ST,47.68307195326,-122.314222538376,2,21543.0,0.0,0.0,11211.0,10332.0,0.0,0.0,0.0,0.0,129.48041753934092,129.48041753934092
37341,26TH AVE E AND E THOMAS ST,47.6213574250084,-122.298567862574,3,21471.0,0.0,0.0,6767.0,7103.0,0.0,0.0,0.0,7601.0,144.1979368040261,144.1979368040261
40314,BROADWAY AND E COLUMBIA ST,47.6092414988304,-122.320756773574,4,21394.0,0.0,18659.0,0.0,2735.0,0.0,0.0,0.0,0.0,109.05926146900903,84.88674370353824
306453,63RD AVE S AND RENTON AVE S,47.5066990330723,-122.254906220698,4,21364.0,0.0,0.0,0.0,0.0,0.0,4286.0,8342.0,0.0,46.45811768932199,46.45811768932199
41714,22ND AVE AND E CHERRY ST,47.6080110774563,-122.303721521144,5,21300.0,0.0,0.0,12091.0,9209.0,0.0,0.0,0.0,0.0,117.36547620029606,117.36547620029606
235756,35TH AVE NE AND NE 85TH ST,47.6902030117853,-122.290713879056,3,21277.0,0.0,21277.0,0.0,0.0,0.0,0.0,0.0,0.0,131.91120270158297,131.91120270158297
219152,AURORA AVE N AND N 140TH ST,47.7304919178927,-122.345057028666,2,21112.0,0.0,20789.0,0.0,323.0,0.0,0.0,0.0,0.0,134.02319963592515,116.620165412215
39120,TERRY AVE AND VIRGINIA ST,47.6170494497106,-122.334876985578,5,21056.0,0.0,0.0,12182.0,1054.0,0.0,0.0,0.0,1233.0,117.09916149507833,117.09916149507833
81716,RAINIER AVE S AND SEWARD PARK AVE S,47.520117012609,-122.26277739869,2,20919.0,0.0,0.0,10486.0,10433.0,0.0,0.0,0.0,0.0,149.5768020074833,149.5768020074833
39137,7TH AVE AND VIRGINIA ST,47.6150567514701,-122.33745423809,4,20914.0,0.0,3559.0,6839.0,0.0,6703.0,0.0,3813.0,0.0,62.24503894689335,58.34489778518452
34341,ELLIOTT ER AVE W AND WESTERN AVE W,47.6201885922358,-122.3600422385,2,20874.0,0.0,0.0,0.0,0.0,0.0,0.0,20874.0,0.0,101.21453233557028,101.21453233557028
11134,24TH AVE NW AND NW 56TH ST,47.6694577633473,-122.387587278948,3,20829.0,20829.0,0.0,0.0,0.0,0.0,0.0,0.0,0.0,132.5373876431543,132.5373876431543
23126,ROOSEVELT WAY NE AND NE 42ND N ST,47.658369289961,-122.317780123801,10,20822.0,0.0,0.0,6701.0,4559.0,0.0,0.0,0.0,0.0,138.0787469230322,138.0787469230322
22103,DENSMORE AVE N AND N 45TH E ST,47.6613870908268,-122.337371263197,2,20724.0,0.0,0.0,9655.0,11069.0,0.0,0.0,0.0,0.0,132.20083244743503,132.20083244743503
81728,51ST AVE S AND S FLETCHER ST,47.5190381802945,-122.269995800363,4,20721.0,3736.0,8022.0,0.0,0.0,0.0,0.0,0.0,0.0,140.5252679796296,140.5252679796296
306366,RENTON AVE S AND S FOUNTAIN PL,47.5032207065857,-122.251148852404,3,20602.0,0.0,0.0,0.0,0.0,0.0,5259.0,5044.0,0.0,67.09876557500827,67.09876557500827
76730,31ST PL SW AND SW ROXBURY ST,47.5174488247177,-122.373443306467,3,20536.0,0.0,0.0,5108.0,5160.0,0.0,0.0,0.0,0.0,124.20195002153459,124.20195002153459
65347,29TH AVE S AND S GRAHAM ST,47.5462522138362,-122.295819742534,3,20474.0,0.0,0.0,5769.0,4468.0,0.0,0.0,0.0,0.0,131.99361154299507,131.99361154299507
59736,RAINIER AVE S AND S GENESEE S ST,47.564095037825,-122.288185948079,2,20448.0,0.0,14708.0,0.0,5740.0,0.0,0.0,0.0,0.0,142.11395378103182,87.73175191789045
43116,1ST AVE AND YESLER WAY,47.6017223386874,-122.334178596135,3,20360.0,0.0,0.0,0.0,20360.0,0.0,0.0,0.0,0.0,34.0169459505067,34.0169459505067
45714,20TH AVE S AND S NYE PL,47.595207258037,-122.306198075641,6,20333.0,4298.0,5028.0,0.0,0.0,0.0,0.0,0.0,0.0,129.51168599272523,129.51168599272523
15541,RAVENNA AVE NE AND NE RAVENNA EB BV,47.6694065123188,-122.303998146019,9,20331.0,5711.0,4475.0,0.0,0.0,0.0,0.0,0.0,0.0,129.60613844354862,129.60613844354862
7736,39TH AVE NE AND NE 70TH ST,47.6794149485621,-122.286066992005,9,20262.0,0.0,0.0,5261.0,4871.0,0.0,0.0,0.0,0.0,131.8914651052887,130.45229448427418
45111,31ST AVE AND E YESLER WAY,47.6016475838821,-122.29251724924,8,20261.0,4291.0,1543.0,0.0,6333.0,0.0,0.0,0.0,0.0,149.56725866054933,145.58139471609528
15653,15TH AVE NE AND NE RAVENNA WB S BV,47.6709184451537,-122.311897195736,6,20239.0,0.0,0.0,10954.0,0.0,0.0,0.0,9285.0,0.0,141.7921826151225,141.79218261512253
22515,PHINNEY AVE N AND N 45TH ST,47.6614013358852,-122.35437171877,8,20221.0,4419.0,9170.0,0.0,0.0,0.0,0.0,0.0,0.0,145.59805472532415,145.59805472532415
29305,DEXTER AVE N AND MCGRAW ST,47.639577297588,-122.344153016979,4,20213.0,10820.0,9393.0,0.0,0.0,0.0,0.0,0.0,0.0,139.13879815422595,139.13879815422595
22157,WALLINGFORD AVE N AND N 40TH ST,47.6556487147582,-122.336257072933,3,20205.0,0.0,0.0,0.0,20205.0,0.0,0.0,0.0,0.0,146.65009843159973,146.65009843159973
45543,20TH AVE S AND S JACKSON ST,47.5992547054254,-122.306356953915,6,20167.0,2919.0,4100.0,0.0,0.0,0.0,0.0,0.0,0.0,135.39481712165082,101.40424445282952
23181,6TH AVE NE AND NE 40TH ST,47.65551733611,-122.32269174017,2,20154.0,0.0,0.0,20154.0,0.0,0.0,0.0,0.0,0.0,92.97638298755079,92.97638298755079
12701,8TH AVE NW AND NW MARKET ST,47.6686533858576,-122.366177953213,3,20038.0,6286.0,13752.0,0.0,0.0,0.0,0.0,0.0,0.0,141.22682051326615,141.22682051326615
5552,CORLISS WAY N AND NE 80TH ST,47.6868164602232,-122.326987591499,2,19805.0,0.0,0.0,0.0,0.0,0.0,0.0,19805.0,0.0,88.70130615133174,88.70130615133174
55528,SW AVALON WAY AND SW ORLEANS ST,47.5705548085438,-122.370665225259,3,19797.0,4649.0,5250.0,0.0,0.0,0.0,0.0,0.0,0.0,125.45566052573805,125.45566052573805
40109,BOYLSTON AVE AND E PINE ST,47.6152311420621,-122.323415471892,4,19762.0,0.0,0.0,4519.0,15243.0,0.0,0.0,0.0,0.0,130.37634880194577,130.37634880194577
227101,33RD AVE NE AND NE 125TH ST,47.7192646708687,-122.292729761965,3,19703.0,0.0,0.0,4768.0,5082.0,0.0,0.0,0.0,0.0,144.87858398232112,144.87858398232112
231340,8TH AVE NW AND NW 85TH ST,47.6906554073603,-122.365993011559,4,19662.0,3844.0,8198.0,0.0,0.0,0.0,0.0,0.0,0.0,131.51299836664663,131.51299836664663
5345,12TH AVE NE AND NE 71ST ST,47.6801536029966,-122.315621189902,3,19650.0,19650.0,0.0,0.0,0.0,0.0,0.0,0.0,0.0,125.53176538234428,125.53176538234429
31539,19TH AVE E AND E MCGRAW ST,47.6402793980501,-122.307258075898,8,19650.0,3798.0,5445.0,0.0,0.0,0.0,0.0,0.0,0.0,132.98151610025204,132.98151610025204
234718,RAVENNA AVE NE AND NE 92ND ST,47.6957485843215,-122.30536138036,7,19585.0,0.0,125.0,540.0,0.0,0.0,6937.0,5730.0,0.0,45.52717801534402,44.86089677537016
58528,BEACON AVE S AND S SPOKANE ST,47.5719240833152,-122.308252868082,3,19499.0,0.0,0.0,6358.0,13141.0,0.0,0.0,0.0,0.0,87.15720270416098,87.15720270416098
40341,JAMES ST AND MINOR AVE,47.6069473387139,-122.321420761307,2,19364.0,0.0,0.0,9517.0,0.0,9847.0,0.0,0.0,0.0,95.63107607193982,95.63107607193982
7733,36TH AVE NE AND NE 70TH ST,47.6794156070415,-122.289304544155,10,19344.0,0.0,0.0,5565.0,5001.0,0.0,0.0,0.0,0.0,131.99498469474997,131.99498469474997
13347,STONE WAY N AND N 49TH ST,47.6642898678157,-122.340687468755,3,19292.0,7262.0,0.0,0.0,0.0,12030.0,0.0,0.0,0.0,147.61754467536812,147.61754467536812
5130,ROOSEVELT WAY NE AND NE 79TH ST,47.6860214864061,-122.317540139551,5,19203.0,19203.0,0.0,0.0,0.0,0.0,0.0,0.0,0.0,129.1197384875572,129.1197384875572
22352,WALLINGFORD AVE N AND N 34TH ST,47.6480450888987,-122.336350917203,6,19150.0,593.0,0.0,0.0,18557.0,0.0,0.0,0.0,0.0,147.38333571214528,136.10519631656
44541,2ND AV ET S AND S JACKSON ST,47.5991979313293,-122.329678543446,4,19148.0,0.0,0.0,11732.0,7416.0,0.0,0.0,0.0,0.0,87.21401884006445,87.21401884006445
15326,25TH AVE NE AND NE BLAKELEY ST,47.6662667181955,-122.300604981372,5,19128.0,0.0,0.0,3010.0,10109.0,0.0,0.0,0.0,0.0,131.3306528823123,131.3306528823123
39113,7TH AVE AND DEXTER AVE,47.6179033058263,-122.34225944311,5,18904.0,0.0,6220.0,0.0,0.0,0.0,0.0,12684.0,0.0,124.87647004955996,74.14414171421683
233652,4TH AVE NE AND NE 100TH ST,47.7013330673894,-122.324264287241,5,18867.0,0.0,0.0,9861.0,2814.0,0.0,0.0,0.0,0.0,139.5027211836627,139.5027211836627
40336,12TH AVE AND E BARCLAY CT,47.606837711662,-122.31678029119,4,18828.0,0.0,18828.0,0.0,0.0,0.0,0.0,0.0,0.0,115.75210668361343,115.75210668361343
26308,PIEDMONT PL W AND W MCGRAW ST,47.6395482714878,-122.402998081027,9,18767.0,0.0,0.0,6157.0,3213.0,0.0,0.0,0.0,0.0,84.11684002166321,84.11684002166321
14341,ROOSEVELT WAY NE AND NE 47TH ST,47.6631177439261,-122.317423433308,6,18727.0,0.0,0.0,4740.0,4626.0,0.0,0.0,0.0,0.0,130.70823870557578,130.70823870557578
40337,12TH AVE AND E JEFFERSON ST,47.6062030452362,-122.316780467822,3,18670.0,18670.0,0.0,0.0,0.0,0.0,0.0,0.0,0.0,115.95179003198974,115.95179003198974
12738,11TH AVE NW AND NW LEARY WAY,47.6636578638017,-122.370766461586,4,18664.0,0.0,1334.0,0.0,17330.0,0.0,0.0,0.0,0.0,132.9930194767056,99.96890557752937
44709,6TH AVE S AND SEATTLE W BLVD S,47.5951306386669,-122.326376664847,5,18656.0,0.0,0.0,0.0,0.0,0.0,7679.0,10977.0,0.0,62.68857682004116,62.688576820041156
4506,GREENWOOD AVE N AND N 84TH ST,47.6898372662076,-122.355301467726,3,18570.0,18570.0,0.0,0.0,0.0,0.0,0.0,0.0,0.0,137.7218427501806,137.7218427501806
43218,ALASKAN ER WAY AND MARION ST,47.6031906543101,-122.337478398415,5,18360.0,0.0,0.0,3870.0,0.0,14490.0,0.0,0.0,0.0,112.88607886269148,112.88607886269146
40141,11TH AVE AND E MADISON ST,47.6122777555449,-122.318100113775,5,18234.0,0.0,9924.0,0.0,0.0,8310.0,0.0,0.0,0.0,118.72074757267758,118.72074757267758
37728,19TH AVE E AND E THOMAS ST,47.6204872792584,-122.30735048768,4,18187.0,2781.0,0.0,3240.0,4463.0,0.0,0.0,0.0,0.0,149.98583908502528,87.36870003851658
80152,46TH AVE S AND S CLOVERDALE ST,47.52611983623,-122.2746660231,9,18121.0,0.0,0.0,4674.0,4507.0,0.0,0.0,0.0,0.0,84.75285308601417,84.75285308601417
34507,ELLIOTT AVE W AND W GALER ST,47.6322523999783,-122.375652200763,7,18111.0,0.0,0.0,9392.0,4954.0,2549.0,0.0,0.0,1216.0,115.34468054634704,115.34468054634704
51104,14TH AVE S AND S MASSACHUSETTS ST,47.5884367028592,-122.314859054505,8,18043.0,5471.0,2858.0,1870.0,870.0,0.0,0.0,0.0,0.0,138.47411079145323,129.9798975706007
21312,1ST AVE NW AND NW 36TH ST,47.6529653884336,-122.357661748842,2,18004.0,0.0,0.0,9301.0,8703.0,0.0,0.0,0.0,0.0,138.4451838692432,138.4451838692432
5142,12TH AVE NE AND NE 77TH ST,47.6848917401345,-122.315189385429,2,17939.0,2829.0,0.0,0.0,0.0,15110.0,0.0,0.0,0.0,137.0945125169378,112.83455418427248
234703,LAKE CITY WAY NE AND NE 95TH ST,47.6975688558355,-122.305466726068,3,17851.0,0.0,0.0,0.0,17851.0,0.0,0.0,0.0,0.0,70.91592585794483,70.91592585794483
41522,16TH AVE AND E MADISON ST,47.6150445590296,-122.311459490022,2,17825.0,0.0,0.0,0.0,0.0,17825.0,0.0,0.0,0.0,42.467789466694875,42.467789466694875
65766,GOULD AVE S AND S GRAHAM ST,47.5464545776967,-122.303589064916,3,17824.0,0.0,0.0,4279.0,4633.0,0.0,0.0,0.0,0.0,142.47325345351672,142.47325345351672
48853,50TH AVE SW AND SW LANDER ST,47.5794483162138,-122.395280668664,4,17819.0,0.0,0.0,11859.0,5960.0,0.0,0.0,0.0,0.0,120.64705031516021,97.23293824804051
80469,50TH AVE S AND S FLETCHER ST,47.5190466866534,-122.271167943941,4,17810.0,0.0,0.0,0.0,0.0,0.0,3534.0,7160.0,0.0,140.63301349396426,140.63301349396426
70311,1ST AVE S AND 2ND AVE SW,47.5342708717435,-122.336701907307,3,17802.0,0.0,0.0,0.0,0.0,0.0,3655.0,5240.0,0.0,95.62507725248813,95.62507725248811
39519,1ST AVE AND EAGLE ST,47.6176994108157,-122.353830758983,3,17772.0,0.0,0.0,0.0,0.0,0.0,5243.0,3643.0,0.0,52.76581139291726,52.76581139291725
21304,2ND AVE NW AND NW 39TH ST,47.6541470453685,-122.359004693314,3,17764.0,0.0,0.0,5482.0,12282.0,0.0,0.0,0.0,0.0,130.43486960973263,130.43486960973263
34178,QUEEN ANNE AVE N AND W ROY ST,47.6257143529103,-122.356703682698,2,17728.0,8924.0,8804.0,0.0,0.0,0.0,0.0,0.0,0.0,109.83549070768969,109.83549070768969
61325,39TH AVE SW AND FAUNTLEROY S WAY SW,47.5507250437589,-122.381775361574,3,17700.0,703.0,0.0,0.0,0.0,8536.0,0.0,0.0,8461.0,119.61210310709008,110.47676615434382
15512,15TH AVE NE AND NE 62ND ST,47.6739784270483,-122.311917756815,3,17694.0,4336.0,4512.0,0.0,0.0,0.0,0.0,0.0,0.0,143.52544652914023,143.52544652914023
986,LAKE UNION PARK ACCESS RD AND VALLEY ST,47.6257861508071,-122.33620150034,3,17692.0,0.0,0.0,3858.0,4988.0,0.0,0.0,0.0,0.0,47.40263055969452,47.40263055969452
15335,30TH AVE NE AND NE BLAKELEY S ST,47.6646929503516,-122.295619142982,3,17686.0,5268.0,3575.0,0.0,0.0,0.0,0.0,0.0,0.0,34.21952535884713,34.21952535884713
71101,STANLEY AVE S AND S HARDY ST,47.5460705278618,-122.31392702139,12,17682.0,0.0,0.0,0.0,0.0,4524.0,0.0,0.0,4319.0,137.20237565020747,137.20237565020744
22358,STONE WAY N AND N NORTHLAKE WAY,47.6481641987371,-122.34279388949,4,17635.0,7535.0,3483.0,0.0,0.0,0.0,0.0,0.0,0.0,68.2123373937919,68.2123373937919
42775,LAKE WASHINGTON BLVD AND E ALDER ST,47.6036283131962,-122.284374371581,3,17522.0,4161.0,4600.0,0.0,0.0,0.0,0.0,0.0,0.0,119.98516604460413,119.98516604460413
22158,DENSMORE AVE N AND N 40TH ST,47.6556548671291,-122.337450508257,3,17493.0,0.0,0.0,17493.0,0.0,0.0,0.0,0.0,0.0,146.56794054598265,146.56794054598265
5387,15TH AVE NE AND NE 65TH ST,47.6757834401404,-122.311929723209,2,17457.0,0.0,0.0,0.0,17457.0,0.0,0.0,0.0,0.0,131.53178703108802,131.53178703108802
19506,W EMERSON ST AND WEST VIEWMONT WAY W,47.6540943148739,-122.41102070255,9,17448.0,0.0,0.0,3199.0,5548.0,0.0,0.0,0.0,0.0,134.5466055079956,134.5466055079956
36539,BELLEVUE CT E AND BELMONT AVE E,47.6278261802109,-122.32661973923,3,17439.0,3245.0,5475.0,0.0,0.0,0.0,0.0,0.0,0.0,148.9067515834916,148.9067515834916
58451,M L KING JR WR WAY S AND S LILAC ST,47.567244617731,-122.297017640837,2,17360.0,17360.0,0.0,0.0,0.0,0.0,0.0,0.0,0.0,53.95995250294096,53.95995250294096
44340,15TH AVE S AND S ATLANTIC ST,47.5899890014383,-122.313827976641,3,17331.0,4344.0,4321.0,0.0,0.0,0.0,0.0,0.0,0.0,26.993205655649426,26.993205655649422
40517,BELLEVUE AVE AND E PINE ST,47.6152181529422,-122.326804189725,2,17288.0,0.0,0.0,0.0,17288.0,0.0,0.0,0.0,0.0,75.68860708760587,75.68860708760587
52734,16TH AVE S AND BEACON AVE S,47.5791105556523,-122.312045324437,3,17276.0,0.0,0.0,0.0,0.0,0.0,0.0,17276.0,0.0,103.7183582605727,103.7183582605727
44120,BOREN AVE AND E YESLER WAY,47.601695163519,-122.317823157441,4,17261.0,0.0,0.0,8725.0,8536.0,0.0,0.0,0.0,0.0,128.44418184182922,128.44418184182922
36383,BROADWAY AND E DENNY WAY,47.6187395414708,-122.320854484364,5,17005.0,0.0,0.0,3578.0,7326.0,0.0,0.0,0.0,0.0,96.46034598168781,96.46034598168781
12714,8TH AVE NW AND NW 54TH ST,47.6679124976633,-122.366179904103,3,16968.0,11596.0,5372.0,0.0,0.0,0.0,0.0,0.0,0.0,134.6269486650388,134.6269486650388
7709,39TH AVE NE AND NE 75TH ST,47.6830447306782,-122.286358200718,2,16957.0,0.0,0.0,4691.0,0.0,0.0,0.0,0.0,0.0,147.8421459624734,147.8421459624734
51312,15TH AVE S AND S BAYVIEW ST,47.581014994942,-122.313408915726,3,16902.0,0.0,16902.0,0.0,0.0,0.0,0.0,0.0,0.0,76.92533371667268,76.92533371667268
36661,FAIRVIEW NR AVE N AND WARD ST,47.6278257321383,-122.332404099114,2,16844.0,0.0,0.0,0.0,0.0,0.0,0.0,0.0,16844.0,125.84023056212168,125.84023056212168
35309,DEXTER AVE N AND MERCER ST,47.6244653699305,-122.342353664082,2,16751.0,0.0,8122.0,0.0,0.0,0.0,0.0,0.0,0.0,52.1686465458686,52.1686465458686
4133,STROUD AVE N AND EAST GREEN LAKE DR N,47.6854232062838,-122.33623019539,2,16684.0,0.0,0.0,0.0,8298.0,0.0,8386.0,0.0,0.0,74.2268237208833,74.2268237208833
66518,32ND AVE S AND S HUDSON ST,47.557113314599,-122.291549148952,2,16670.0,0.0,0.0,0.0,0.0,0.0,0.0,16670.0,0.0,135.52021222920146,135.52021222920146
66705,M L KING JR WR WAY S AND S LUCILE ST,47.5525201662195,-122.288767203138,3,16632.0,16632.0,0.0,0.0,0.0,0.0,0.0,0.0,0.0,90.76998537194255,90.76998537194255
44519,2ND AVE AND YESLER WAY,47.6017187039477,-122.331983506723,5,16613.0,0.0,0.0,7881.0,2760.0,0.0,0.0,0.0,0.0,109.81018138683527,109.81018138683525
41523,16TH AVE AND E PINE ST,47.61527767145,-122.311461853182,4,16562.0,0.0,0.0,0.0,0.0,0.0,3242.0,6790.0,0.0,41.184810496695576,41.184810496695576
17651,SAND POINT WAY NE AND NE 59TH ST,47.6717603862589,-122.268614475406,2,16523.0,0.0,0.0,0.0,0.0,8524.0,0.0,0.0,7999.0,40.35999997951382,40.35999997951382
29514,4TH AVE N AND DEXTER S AVE N,47.6457097709755,-122.349487750135,4,16439.0,7956.0,8483.0,0.0,0.0,0.0,0.0,0.0,0.0,85.49582720504532,85.49582720504532
231123,3RD AVE NW AND HOLMAN RD NW,47.7023995645247,-122.36074268043,4,16430.0,6979.0,2918.0,0.0,0.0,0.0,0.0,0.0,0.0,33.826860623580906,33.826860623580906
42556,33RD AVE AND E UNION ST,47.6128973600855,-122.29036060899,8,16347.0,0.0,0.0,5527.0,4997.0,0.0,0.0,0.0,0.0,129.98508694987623,129.81201741934166
51311,BEACON AVE S AND S BAYVIEW ST,47.5810169321426,-122.313803468674,3,16221.0,0.0,0.0,0.0,0.0,0.0,0.0,16221.0,0.0,90.63538134788821,90.63538134788821
3522,8TH AVE NW AND NW 80TH ST,47.6869363577347,-122.366001732151,3,16101.0,0.0,16101.0,0.0,0.0,0.0,0.0,0.0,0.0,131.515579220116,131.515579220116
23262,12TH AVE NE AND NE CAMPUS WB PY,47.6562354821169,-122.315575171468,4,16068.0,0.0,0.0,0.0,16068.0,0.0,0.0,0.0,0.0,142.03251589707688,142.03251589707688
231342,3RD AVE NW AND NW 86TH ST,47.6913491902823,-122.360653378322,3,15950.0,3888.0,4085.0,0.0,0.0,0.0,0.0,0.0,0.0,127.51133541628293,127.51133541628293
73870,M L KING JR ER WAY S AND S OTHELLO ST,47.5370515865897,-122.281104152046,3,15936.0,0.0,0.0,4229.0,3739.0,0.0,0.0,0.0,0.0,45.06445915396512,45.06445915396512
6744,20TH AVE NE AND NE 65TH ST,47.6757785006589,-122.306518716593,2,15887.0,0.0,0.0,0.0,15887.0,0.0,0.0,0.0,0.0,129.31362593758539,129.31362593758539
27788,28TH AVE W AND W GALER ST,47.6323043415225,-122.393008019655,9,15873.0,3435.0,4553.0,0.0,0.0,0.0,0.0,0.0,0.0,134.59136219900765,134.59136219900765
66720,35TH AVE S AND S ORCAS W ST,47.5511260334759,-122.289314658429,6,15834.0,0.0,0.0,4134.0,3783.0,0.0,0.0,0.0,0.0,54.78737106068934,54.78737106068934
23265,UNIVERSITY WAY NE AND NE CAMPUS EB PY,47.6559876670328,-122.313268215201,5,15822.0,0.0,0.0,15822.0,0.0,0.0,0.0,0.0,0.0,139.47493725461442,139.47493725461442
23184,PASADENA PL NE AND NE 40 UPPER ST,47.6558879833318,-122.321890850654,3,15795.0,0.0,0.0,0.0,15795.0,0.0,0.0,0.0,0.0,95.40717119629684,95.40717119629683
82123,5TH AVE AND TAYLOR AVE ,47.6180494284714,-122.346506877549,6,15781.0,1246.0,10043.0,0.0,0.0,0.0,0.0,0.0,0.0,96.69513998184874,96.69513998184874
12705,14TH AVE NW AND NW MARKET ST,47.6686653678578,-122.373588505319,4,15764.0,4108.0,11656.0,0.0,0.0,0.0,0.0,0.0,0.0,141.47459003786582,141.47459003786582
15547,NE 56TH ST AND NE RAVENNA EB BV,47.6696685603653,-122.307750573059,5,15737.0,0.0,0.0,0.0,5930.0,0.0,6261.0,0.0,3546.0,78.56572714448993,78.56572714448993
36141,10TH AVE E AND E ROY W ST,47.6254609768348,-122.320226409211,2,15600.0,0.0,0.0,0.0,0.0,0.0,0.0,0.0,15600.0,111.33253994605339,111.33253994605339
40531,BELMONT AVE AND E PIKE ST,47.6140944655402,-122.324457986086,2,15587.0,0.0,0.0,7554.0,0.0,0.0,0.0,0.0,0.0,130.2585621813941,130.2585621813941
45141,M L KING JR WAY S AND S JACKSON ST,47.5992328395314,-122.29741468398,4,15573.0,0.0,0.0,3178.0,6168.0,0.0,0.0,0.0,0.0,145.95950444934215,145.95950444934215
2118,20TH AVE NW AND NW 80TH ST,47.6868420794446,-122.382178358004,3,15540.0,0.0,0.0,3875.0,3895.0,0.0,0.0,0.0,0.0,132.2317700333361,132.2317700333361
36130,15TH AVE E AND E ALOHA ST,47.6268783129214,-122.312568842206,8,15491.0,7988.0,7503.0,0.0,0.0,0.0,0.0,0.0,0.0,147.35756250158798,142.93696262289183
44515,TERRACE ST AND YESLER WAY,47.6017212851375,-122.329021052953,5,15430.0,15235.0,0.0,19.0,12.0,0.0,0.0,0.0,0.0,142.99101974434447,142.99101974434447
54456,36TH AVE SW AND SW AVALON WAY,47.564077136067,-122.377449471363,3,15426.0,0.0,0.0,0.0,15426.0,0.0,0.0,0.0,0.0,31.379095395833424,31.379095395833428
22346,CARR PL N AND N 35TH ST,47.6492105615279,-122.339379973052,12,15420.0,0.0,0.0,4728.0,3162.0,0.0,0.0,0.0,0.0,107.86118129521157,100.94594919644128
40149,BROADWAY AND MADISON ST,47.6111690758788,-122.320760200095,2,15349.0,0.0,15349.0,0.0,0.0,0.0,0.0,0.0,0.0,16.46484655950084,16.46484655950084
81856,51ST AVE S AND S BARTON PL,47.519958996225,-122.26992620716,3,15311.0,0.0,0.0,0.0,0.0,3560.0,0.0,0.0,4095.0,42.814993848273225,42.814993848273225
12739,14TH AVE NW AND NW LEARY WAY,47.6636617477789,-122.373593869968,4,15310.0,4002.0,11308.0,0.0,0.0,0.0,0.0,0.0,0.0,132.52008628734427,132.52008628734427
4534,LINDEN AVE N AND N 78TH ST,47.6854927262175,-122.347216427918,6,15244.0,1900.0,3653.0,0.0,0.0,0.0,0.0,0.0,0.0,132.9997061591126,132.9950484029811
6743,19TH AVE NE AND NE 65TH ST,47.6757795358732,-122.307642788833,2,15219.0,0.0,0.0,15219.0,0.0,0.0,0.0,0.0,0.0,138.46138084002567,138.46138084002567
5377,WEEDIN PL NE AND NE 65TH ST,47.6758461452164,-122.319342870515,2,15217.0,0.0,0.0,0.0,15217.0,0.0,0.0,0.0,0.0,87.49043128725994,87.49043128725994
43115,JAMES ST AND YESLER WAY,47.6017218797504,-122.333898833092,5,15043.0,0.0,0.0,2670.0,12373.0,0.0,0.0,0.0,0.0,126.45332408489357,126.45332408489358
15101,34TH AVE NE AND NE 65TH E ST,47.6757827961288,-122.291153039626,3,15043.0,0.0,0.0,15043.0,0.0,0.0,0.0,0.0,0.0,108.35770925630342,108.35770925630341
233501,1ST AVE NE AND NE 103RD ST,47.7031800441734,-122.328525686326,3,15035.0,0.0,15035.0,0.0,0.0,0.0,0.0,0.0,0.0,100.42657358100924,100.42657358100924
23263,BROOKLYN AVE NE AND NE CAMPUS EB PY,47.6559999897085,-122.31442451607,4,14977.0,0.0,0.0,14977.0,0.0,0.0,0.0,0.0,0.0,142.00477542411986,142.00477542411986
22708,FRANCIS AVE N AND N 39TH ST,47.654148889244,-122.353400375603,2,14961.0,0.0,0.0,7263.0,7698.0,0.0,0.0,0.0,0.0,131.28963117188778,131.28963117188778
235760,39TH AVE NE AND NE 85TH ST,47.6901886863498,-122.286435720626,9,14897.0,0.0,0.0,3512.0,3953.0,0.0,0.0,0.0,0.0,135.34091993377191,135.34091993377191
235741,35TH AVE NE AND NE 89TH ST,47.6930973314521,-122.290640380935,2,14895.0,7396.0,7499.0,0.0,0.0,0.0,0.0,0.0,0.0,131.51323593495485,131.51323593495485
23553,1ST AVE NE AND NE 40TH ST,47.6555499954144,-122.32787799811,2,14875.0,0.0,0.0,7114.0,7761.0,0.0,0.0,0.0,0.0,129.5643559821751,129.5643559821751
15651,15TH AVE NE AND NE 58TH ST,47.6717310608579,-122.31190242185,3,14817.0,4326.0,10491.0,0.0,0.0,0.0,0.0,0.0,0.0,95.86596132176994,95.86596132176994
57118,HINDS PL S AND S SPOKANE ST,47.571626227801,-122.314054423104,2,14809.0,0.0,0.0,14809.0,0.0,0.0,0.0,0.0,0.0,79.82279735058167,79.82279735058167
45351,M L KING JR WAY S AND S ELMWOOD PL,47.5926311143084,-122.297764162027,2,14735.0,0.0,14735.0,0.0,0.0,0.0,0.0,0.0,0.0,106.71808169912703,106.71808169912703
80121,44TH AVE S AND RENTON AVE S,47.5285528363908,-122.277941901344,3,14707.0,0.0,0.0,0.0,0.0,0.0,4057.0,3296.0,0.0,123.87310868809712,123.87310868809713
23131,15TH AVE NE AND NE 42ND ST,47.658301457432,-122.312071251043,9,14651.0,0.0,0.0,3750.0,3576.0,0.0,0.0,0.0,0.0,139.9887667356535,139.9887667356535
81313,60TH AVE S AND WATERS AVE S,47.5165656914133,-122.258044537919,9,14612.0,0.0,0.0,0.0,0.0,0.0,4138.0,3261.0,0.0,117.51829782621749,117.5182978262175
5327,12TH AVE NE AND NE 73RD ST,47.6815324218757,-122.315345947251,2,14602.0,14602.0,0.0,0.0,0.0,0.0,0.0,0.0,0.0,130.2968326577835,130.2968326577835
11124,24TH AVE NW AND NW 59TH ST,47.6716452173325,-122.387587246474,2,14568.0,6855.0,7713.0,0.0,0.0,0.0,0.0,0.0,0.0,132.9147157036828,132.9147157036828
36311,BOYLSTON AVE E AND E ROY E ST,47.6251178864097,-122.323026204521,3,14536.0,0.0,0.0,4012.0,3257.0,0.0,0.0,0.0,0.0,78.5830815635558,78.5830815635558
36756,BELLEVUE AVE AND E DENNY WAY,47.6184926455329,-122.326725993945,5,14458.0,2016.0,7682.0,0.0,0.0,0.0,0.0,0.0,0.0,134.520135789689,134.520135789689
80532,37TH AVE S AND S CLOVERDALE ST,47.5261163072421,-122.285958193889,4,14339.0,0.0,0.0,2712.0,2028.0,0.0,0.0,0.0,0.0,146.92053494507851,146.92053494507851
82020,SAND POINT WAY NE AND PENNY DR,47.6644900657341,-122.28325087768,3,14318.0,3119.0,72.0,0.0,0.0,11127.0,0.0,0.0,0.0,88.57222537256489,73.76562781466235
67532,WILSON AVE S AND S MAYFLOWER ST,47.5541018728403,-122.269158912026,3,14310.0,0.0,0.0,0.0,0.0,0.0,3505.0,3650.0,0.0,65.22108356300026,65.22108356300026
13726,PHINNEY AVE N AND N 49TH ST,47.6643058890858,-122.353964506702,5,14269.0,6309.0,2802.0,0.0,0.0,0.0,0.0,0.0,0.0,129.6312465361849,129.6312465361849
40454,E JAMES WAY AND XW 10TH AVE,47.6078291172526,-122.319313768369,2,14263.0,0.0,0.0,0.0,0.0,0.0,0.0,0.0,14263.0,127.5618146857152,127.5618146857152
27729,28TH AVE W AND W NEWTON N ST,47.6369774481941,-122.393036135161,9,14105.0,4567.0,2687.0,0.0,0.0,0.0,0.0,0.0,0.0,79.50818213956973,79.50818213956973
77707,14TH AVE SW AND SW HENDERSON ST,47.5228494703266,-122.352826774121,3,13982.0,0.0,0.0,3371.0,3620.0,0.0,0.0,0.0,0.0,140.8356348563553,140.8356348563553
5733,1ST AVE NE AND WOODLAWN S AVE NE,47.6775125172358,-122.328349556085,9,13976.0,0.0,0.0,2653.0,4340.0,0.0,0.0,0.0,0.0,137.98918471996615,137.98918471996615
43111,COLUMBIA ST AND POST AVE,47.6030221058818,-122.33552344662,4,13905.0,0.0,0.0,0.0,0.0,814.0,0.0,0.0,7357.0,85.42083783373234,85.42083783373234
55520,HARBOR AVE SW AND SW AVALON WAY,47.5715581586411,-122.370633019397,2,13900.0,0.0,13900.0,0.0,0.0,0.0,0.0,0.0,0.0,34.2307020593416,34.2307020593416
41331,M L KING JR WAY AND E CHERRY ST,47.6079966236407,-122.296254308495,4,13817.0,0.0,0.0,7817.0,6000.0,0.0,0.0,0.0,0.0,65.31127538872174,57.89582739802454
230348,JONES AVE NW AND NW 85TH ST,47.6905788779471,-122.386486944964,2,13752.0,0.0,0.0,0.0,13752.0,0.0,0.0,0.0,0.0,136.83346699575486,136.83346699575486
77705,16TH AVE SW AND SW HENDERSON ST,47.5228700880498,-122.355104455815,3,13716.0,0.0,0.0,3529.0,3314.0,0.0,0.0,0.0,0.0,140.40545999520825,140.40545999520825
65503,BEACON ER AVE S AND S ANGELINE ST,47.5601126584462,-122.304532565077,2,13587.0,0.0,13587.0,0.0,0.0,0.0,0.0,0.0,0.0,122.63174701487496,122.63174701487496
20252,23RD AVE W AND W EMERSON PL,47.656135865293,-122.385511317594,2,13577.0,0.0,0.0,6658.0,6919.0,0.0,0.0,0.0,0.0,128.62717153338318,128.62717153338318
41503,20TH AVE AND E MADISON ST,47.6172633158976,-122.306136442804,6,13556.0,0.0,0.0,3261.0,3517.0,0.0,0.0,0.0,0.0,143.37556744178363,143.37556744178366
73866,BEACON ER AVE S AND S PORTLAND ST,47.5330579977305,-122.288863585038,3,13553.0,0.0,13553.0,0.0,0.0,0.0,0.0,0.0,0.0,126.83154960215877,126.83154960215877
75853,FAUNTLEROY ER WAY SW AND SW DIRECTOR ST,47.5228818925508,-122.392709804928,3,13543.0,8979.0,4564.0,0.0,0.0,0.0,0.0,0.0,0.0,112.40877591103737,112.40877591103737
44526,5TH AVE S AND S WASHINGTON ST,47.6008733295526,-122.327659717241,4,13535.0,113.0,9934.0,0.0,0.0,0.0,0.0,0.0,0.0,147.81107658675023,147.81107658675023
55326,25TH AVE SW AND SW GENESEE ST,47.5647270198619,-122.364367101054,3,13412.0,0.0,0.0,0.0,0.0,0.0,0.0,0.0,0.0,134.82827513487948,134.82827513487948
61743,CALIFORNIA AVE SW AND SW GRAHAM ST,47.5466827386046,-122.387195383747,2,13378.0,13378.0,0.0,0.0,0.0,0.0,0.0,0.0,0.0,118.29221900621894,118.29221900621894
43217,ALASKAN ER WAY AND COLUMBIA ST,47.6024875067812,-122.336800741277,5,13371.0,0.0,0.0,0.0,0.0,870.0,0.0,0.0,7580.0,102.81033775217588,102.81033775217588
39459,POST AL AND VIRGINIA ST,47.6107363824194,-122.343048971326,5,13331.0,0.0,0.0,2686.0,0.0,10645.0,0.0,0.0,0.0,80.99841368653236,80.99841368653236
40515,SUMMIT AVE AND E PINE ST,47.6152187481801,-122.325528841856,2,13331.0,0.0,0.0,4583.0,0.0,0.0,0.0,0.0,0.0,130.25796921116697,130.25796921116697
51507,1ST AVE S AND S HOLGATE ST,47.5861037684609,-122.334197845675,4,13306.0,0.0,0.0,3129.0,10177.0,0.0,0.0,0.0,0.0,114.52626514855876,114.2495340847909
232325,NESBIT AVE N AND N 90TH ST,47.6941796105387,-122.34348893517,3,13281.0,0.0,0.0,3039.0,3601.0,0.0,0.0,0.0,0.0,132.00440598518472,132.00440598518472
40139,13TH AVE AND E UNION ST,47.6129080336854,-122.315481042373,4,13265.0,13265.0,0.0,0.0,0.0,0.0,0.0,0.0,0.0,81.00483207484521,81.00483207484521
25116,45TH AVE NE AND NE 45TH ST,47.6612924237059,-122.27937574802,6,13140.0,0.0,0.0,3540.0,3030.0,0.0,0.0,0.0,0.0,127.05670326560703,127.05670326560703
231254,6TH AVE NW AND NW 100TH PL,47.7027461858929,-122.363402722736,3,13121.0,0.0,0.0,0.0,0.0,3633.0,0.0,0.0,2927.0,70.11570527708476,70.11570527708476
13363,INTERLAKE AVE N AND N 47TH ST,47.6628658365941,-122.340646936456,10,13112.0,337.0,499.0,565.0,571.0,0.0,0.0,0.0,0.0,129.51259732240618,120.70507267652116
232329,STONE AVE N AND N 90TH E ST,47.6941674614241,-122.341336857277,2,13092.0,0.0,0.0,7381.0,5711.0,0.0,0.0,0.0,0.0,132.0044005833666,132.0044005833666
2359,16TH AVE NW AND NW 65TH ST,47.6759972123326,-122.377829026303,2,13033.0,0.0,0.0,6529.0,6504.0,0.0,0.0,0.0,0.0,129.06770547020588,129.06770547020588
76313,20TH AVE SW AND SW HENDERSON ST,47.5228630161639,-122.359142199841,4,12977.0,0.0,0.0,0.0,12977.0,0.0,0.0,0.0,0.0,117.75007106019848,117.75007106019848
55306,DELRIDGE WAY SW AND SW ANDOVER ST,47.5683474638523,-122.363282609859,8,12963.0,0.0,0.0,4656.0,3753.0,0.0,0.0,0.0,0.0,129.88794247937426,129.88794247937426
36129,15TH AVE E AND E WARD ST,47.6276404965773,-122.312558800727,3,12945.0,3186.0,3287.0,0.0,0.0,0.0,0.0,0.0,0.0,138.61081778945137,138.61081778945137
39419,ALASKAN WAY AND SPRING ST,47.6046146523743,-122.33881234441,5,12915.0,0.0,0.0,1678.0,0.0,11237.0,0.0,0.0,0.0,116.16392687697608,116.16392687697608
34327,3RD AVE W AND W THOMAS ST,47.6209557243228,-122.360654875049,9,12914.0,4601.0,1851.0,0.0,0.0,0.0,0.0,0.0,0.0,103.24515672417772,103.24515672417772
40111,BROADWAY AND E PINE ST,47.6152353107234,-122.32079865437,2,12909.0,0.0,0.0,0.0,12909.0,0.0,0.0,0.0,0.0,96.00427184571743,96.00427184571743
39421,ALASKAN WAY AND UNIVERSITY ST,47.6060400949032,-122.34009751378,9,12890.0,0.0,0.0,0.0,0.0,3240.0,0.0,0.0,3281.0,114.14017993639524,114.14017993639524
80705,37TH AVE S AND BEACON WR AVE S,47.5234262993317,-122.285894009121,4,12868.0,0.0,0.0,0.0,0.0,0.0,0.0,12868.0,0.0,71.35846288565259,71.35846288565259
16534,38TH AVE NE AND NE 55TH ST,47.6685102819325,-122.286856305117,3,12772.0,0.0,0.0,3178.0,3208.0,0.0,0.0,0.0,0.0,136.5125413607635,136.5125413607635
20114,GILMAN AVE W AND W EMERSON PL,47.6558714111515,-122.386479247669,3,12717.0,0.0,0.0,0.0,0.0,0.0,3572.0,9145.0,0.0,90.87072577306907,90.87072577306907
30340,15TH AVE E AND E OLIN N PL,47.6356034075338,-122.313579672795,3,12710.0,3153.0,3202.0,0.0,0.0,0.0,0.0,0.0,0.0,62.475144540473096,62.4751445404731
71810,WEST MARGINAL WAY S AND S HOLDEN ST,47.5341477682333,-122.332132654125,3,12710.0,0.0,0.0,1870.0,4485.0,0.0,0.0,0.0,0.0,91.7489136961751,91.74891369617508
3535,8TH AVE NW AND NW 76TH ST,47.6839965407441,-122.366008629726,2,12660.0,6561.0,6099.0,0.0,0.0,0.0,0.0,0.0,0.0,133.78797012544348,133.78797012544348
71655,EAST MARGINAL WAY S AND S WILLOW ST,47.5408872685428,-122.32430930115,2,12641.0,0.0,0.0,0.0,0.0,0.0,0.0,12641.0,0.0,102.5077208367345,102.5077208367345
8701,SAND POINT WAY NE AND NE 74TH ST,47.6821240651178,-122.263668106075,2,12635.0,0.0,12635.0,0.0,0.0,0.0,0.0,0.0,0.0,146.31198812897892,146.31198812897892
52747,23RD AVE S AND S FOREST ST,47.5775288521403,-122.303323954626,2,12573.0,12573.0,0.0,0.0,0.0,0.0,0.0,0.0,0.0,149.95993886148983,149.95993886148983
7761,38TH AVE NE AND NE 65TH ST,47.6757846940614,-122.286982169211,3,12559.0,0.0,0.0,3272.0,3006.0,0.0,0.0,0.0,0.0,133.2250640450879,133.2250640450879
5121,5TH AVE NE AND NE 80TH ST,47.6867873648765,-122.322951361561,2,12543.0,0.0,12543.0,0.0,0.0,0.0,0.0,0.0,0.0,130.66546624654129,130.66546624654129
4720,LINDEN AVE N AND N 71ST ST,47.6803070183443,-122.347271186221,3,12473.0,3223.0,3013.0,0.0,0.0,0.0,0.0,0.0,0.0,138.871339284829,138.871339284829
3701,8TH AVE NW AND NW 75TH ST,47.6832629776735,-122.366010344359,2,12469.0,6362.0,6107.0,0.0,0.0,0.0,0.0,0.0,0.0,133.78962245964223,133.78962245964223
11336,17TH AVE NW AND SHILSHOLE AVE NW,47.6623896548532,-122.378894200696,3,12461.0,3647.0,645.0,0.0,0.0,0.0,0.0,0.0,0.0,99.71143387354539,99.71143387354539
36371,E JOHN ST AND E JOHN SR ST,47.6199623373097,-122.313503751368,3,12454.0,0.0,0.0,12222.0,0.0,0.0,232.0,0.0,0.0,121.5386818532524,105.03173208828021
13707,PHINNEY AVE N AND N 53RD ST,47.6670737592564,-122.354420798021,2,12404.0,0.0,12404.0,0.0,0.0,0.0,0.0,0.0,0.0,123.23342401595401,123.23342401595401
13531,PHINNEY AVE N AND N 60TH ST,47.6724868520437,-122.354379647878,2,12399.0,0.0,12399.0,0.0,0.0,0.0,0.0,0.0,0.0,125.25261186844996,125.25261186844996
52768,23RD AVE S AND S WINTHROP ST,47.5758843103122,-122.303327033536,2,12392.0,0.0,12392.0,0.0,0.0,0.0,0.0,0.0,0.0,145.65069619845863,145.65069619845863
43103,MARION ST AND WESTERN AVE,47.6035175767756,-122.336696537605,2,12330.0,0.0,0.0,0.0,0.0,12330.0,0.0,0.0,0.0,75.01064110177613,75.01064110177613
30125,10TH AVE E AND E ROANOKE E ST,47.6431950212057,-122.319595595956,4,12300.0,0.0,0.0,4216.0,8084.0,0.0,0.0,0.0,0.0,72.54428507358445,72.54428507358445
15707,20TH AVE NE AND NE 54TH ST,47.6680062734161,-122.306487403296,10,12261.0,2591.0,3324.0,0.0,0.0,0.0,0.0,0.0,0.0,95.62338970526446,95.62338970526446
67704,SEWARD PARK AVE S AND S BRANDON ST,47.5533495934804,-122.263853629572,11,12260.0,0.0,0.0,0.0,0.0,0.0,4371.0,2231.0,0.0,145.2735085186067,145.27350851860666
234530,23RD AVE NE AND NE 98TH ST,47.7002786685814,-122.304232865542,10,12255.0,0.0,0.0,3627.0,2931.0,0.0,0.0,0.0,0.0,112.1274375084544,112.1274375084544
4521,GREENWOOD AVE N AND N 80TH ST,47.6869419120681,-122.355299627211,2,12241.0,0.0,12241.0,0.0,0.0,0.0,0.0,0.0,0.0,131.51774829648,131.51774829648
82265,WATERS AVE S AND S ROXBURY W ST,47.5168732477026,-122.258442514043,9,12177.0,0.0,0.0,0.0,0.0,0.0,3059.0,3032.0,0.0,64.2979487420106,64.2979487420106
43102,MARION ST AND POST AVE,47.6037354571035,-122.336176022837,3,12174.0,0.0,0.0,4129.0,0.0,8045.0,0.0,0.0,0.0,85.02522194487987,85.02522194487987
27723,THORNDYKE AVE W AND W CROCKETT ST,47.6377050556876,-122.388484916757,3,12110.0,0.0,0.0,0.0,0.0,2138.0,0.0,0.0,3917.0,145.7046361297353,145.7046361297353
4139,STONE AVE N AND WINONA AVE N,47.6835455465569,-122.342714694682,3,12067.0,0.0,0.0,0.0,0.0,2611.0,0.0,0.0,3422.0,129.88428460161776,129.88428460161776
13701,PHINNEY AVE N AND N 55TH ST,47.6684305497039,-122.354410302198,2,11977.0,0.0,11977.0,0.0,0.0,0.0,0.0,0.0,0.0,123.25042880053142,123.25042880053142
58709,BEACON WR AVE S AND CHEASTY BLVD S,47.5611886404564,-122.305112612365,2,11964.0,5928.0,6036.0,0.0,0.0,0.0,0.0,0.0,0.0,15.03388791504076,15.03388791504076
62121,17TH AVE SW AND SW DAWSON ST,47.5557516411726,-122.355926159099,6,11958.0,0.0,0.0,2534.0,3444.0,0.0,0.0,0.0,0.0,138.7739040270654,138.7739040270654
12115,8TH AVE NW AND NW 64TH ST,47.6752654529842,-122.366052742922,2,11952.0,11952.0,0.0,0.0,0.0,0.0,0.0,0.0,0.0,131.34609368049425,131.34609368049425
13708,PHINNEY AVE N AND N 52ND ST,47.6663947954831,-122.354425147362,2,11934.0,11934.0,0.0,0.0,0.0,0.0,0.0,0.0,0.0,123.83254682575712,123.83254682575712
54528,51ST AVE SW AND SW CHARLESTOWN ST,47.5703140595277,-122.397434786408,7,11884.0,0.0,0.0,4088.0,2370.0,0.0,0.0,0.0,0.0,134.5535829088019,134.5535829088019
15314,25TH AVE NE AND NE 55TH ST,47.6685257478156,-122.300618955241,3,11853.0,0.0,0.0,0.0,11853.0,0.0,0.0,0.0,0.0,129.5327448216655,129.5327448216655
59735,36TH AVE S AND S GENESEE ST,47.5641043855914,-122.287030738974,2,11798.0,0.0,0.0,3912.0,0.0,0.0,0.0,0.0,0.0,120.30036558367438,120.30036558367438
13706,PHINNEY AVE N AND N 54TH ST,47.6677521706488,-122.354415549092,2,11784.0,11784.0,0.0,0.0,0.0,0.0,0.0,0.0,0.0,123.22753041189975,123.22753041189975
306512,55TH AVE S AND RENTON AVE S,47.513625611114,-122.264713835247,3,11768.0,0.0,0.0,0.0,0.0,0.0,2945.0,2949.0,0.0,80.42239834890906,80.42239834890906
36701,BELMONT AVE E AND E ROY ST,47.6251180918861,-122.324041407838,3,11757.0,0.0,0.0,3594.0,2308.0,0.0,0.0,0.0,0.0,56.01651862540659,56.01651862540658
5381,12TH AVE NE AND NE 66TH ST,47.6765812546482,-122.315670101348,2,11739.0,11739.0,0.0,0.0,0.0,0.0,0.0,0.0,0.0,131.5019107988458,131.5019107988458
231126,NW 100TH PL AND NW 100TH ST,47.7016519057721,-122.365388522379,3,11692.0,0.0,0.0,0.0,0.0,3952.0,0.0,0.0,1895.0,87.39328321115471,87.39328321115471
4538,LINDEN AVE N AND N 77TH ST,47.6847634936155,-122.347217369768,5,11681.0,5784.0,1984.0,0.0,0.0,0.0,0.0,0.0,0.0,132.93170013872773,132.93170013872773
66510,37TH AVE S AND S EDMUNDS ST,47.5586581763181,-122.286141448783,6,11659.0,0.0,0.0,3110.0,843.0,0.0,0.0,0.0,0.0,85.70978402777479,85.70978402777479
15528,15TH AVE NE AND COWEN PL NE,47.6721055226919,-122.311905248262,5,11642.0,6617.0,0.0,0.0,0.0,1836.0,0.0,0.0,3189.0,70.98842650461121,70.4500081496797
43117,POST AVE AND YESLER WAY,47.6017232979729,-122.334879711937,3,11598.0,0.0,0.0,11598.0,0.0,0.0,0.0,0.0,0.0,86.48544728634386,86.48544728634386
23266,UNIVERSITY WAY NE AND NE CAMPUS WB PY,47.6562153990565,-122.313262241014,5,11567.0,0.0,0.0,0.0,11567.0,0.0,0.0,0.0,0.0,139.971743256242,139.971743256242
55105,CHELAN AVE SW AND SW SPOKANE SR ST,47.5713439765838,-122.362192398537,6,11555.0,0.0,0.0,10123.0,0.0,0.0,0.0,0.0,1432.0,103.12796180954456,84.64847795614017
58470,M L KING JR ER WAY S AND S ALASKA ST,47.5608084467015,-122.293240254098,2,11486.0,0.0,0.0,0.0,11486.0,0.0,0.0,0.0,0.0,81.11436259858603,81.11436259858603
13550,PHINNEY AVE N AND N 59TH ST,47.6717937629976,-122.354386569585,2,11481.0,11481.0,0.0,0.0,0.0,0.0,0.0,0.0,0.0,126.41050251269239,126.41050251269239
43319,1ST AVE S AND S ATLANTIC ST,47.590312164222,-122.334195454495,2,11471.0,0.0,0.0,10663.0,808.0,0.0,0.0,0.0,0.0,114.5351753323557,114.5351753323557
11114,20TH AVE NW AND NW 61ST ST,47.6730975258782,-122.38213037524,3,11460.0,2936.0,2794.0,0.0,0.0,0.0,0.0,0.0,0.0,132.59923633191158,132.59923633191158
37751,19TH AVE AND E DENNY WAY,47.618505533921,-122.307383779543,3,11372.0,2927.0,2759.0,0.0,0.0,0.0,0.0,0.0,0.0,90.27689877967298,90.27689877967298
44565,4TH AVE AND 4TH AVE S,47.6017855688661,-122.328946446252,9,11337.0,0.0,0.0,2302.0,3367.0,0.0,0.0,0.0,0.0,140.529829012581,140.529829012581
51858,7TH PL S AND S FOREST ST,47.5777244443059,-122.323668363705,3,11312.0,0.0,0.0,725.0,4931.0,0.0,0.0,0.0,0.0,98.32369505282016,98.32369505282016
306135,59TH AVE S AND RENTON AVE S,47.5101369924884,-122.259422851428,3,11291.0,0.0,0.0,0.0,0.0,0.0,0.0,11291.0,0.0,115.42071597043956,115.42071597043956
34111,5TH AVE W AND W GALER E ST,47.6323264236842,-122.363105754568,5,11263.0,0.0,0.0,4247.0,3181.0,0.0,0.0,0.0,0.0,91.272159609264,91.272159609264
39138,VIRGINIA ST AND WESTLAKE AVE,47.6148318636776,-122.337744569124,5,11240.0,4276.0,3135.0,0.0,0.0,0.0,0.0,0.0,0.0,82.63353376555186,82.63353376555186
30526,EASTLAKE AVE E AND E LYNN ST,47.6397270209092,-122.32589146033,4,11219.0,0.0,0.0,2716.0,8503.0,0.0,0.0,0.0,0.0,149.98218837074603,149.59149338513078
11141,17TH AVE NW AND NW 56TH ST,47.6694458774156,-122.37888370007,5,11201.0,2187.0,3438.0,0.0,0.0,0.0,0.0,0.0,0.0,141.318659368897,141.318659368897
39354,SPRING ST AND WESTERN AVE,47.6049434576457,-122.338001055637,2,11188.0,0.0,0.0,0.0,0.0,11188.0,0.0,0.0,0.0,75.05254220431429,75.05254220431429
5525,4TH AVE NE AND BANNER WAY NE,47.6861654434902,-122.324283540178,2,11162.0,0.0,0.0,0.0,0.0,0.0,11162.0,0.0,0.0,148.92051617967962,148.92051617967962
22535,DAYTON AVE N AND N 43RD ST,47.6589578894849,-122.352071873845,10,11123.0,0.0,0.0,2699.0,2461.0,0.0,0.0,0.0,0.0,129.51784540534365,129.51784540534365
15535,15TH AVE NE AND NE RAVENNA EB BV,47.6707208332134,-122.311895827614,3,11056.0,0.0,0.0,0.0,11056.0,0.0,0.0,0.0,0.0,139.32096520052266,139.32096520052266
23329,FUHRMAN AVE E AND E GWINN PL,47.6478226028134,-122.31788773761,2,10946.0,0.0,0.0,0.0,0.0,0.0,0.0,3604.0,0.0,134.95034532127585,134.95034532127585
39353,POST AVE AND SPRING ST,47.6051615093989,-122.337480281521,3,10925.0,0.0,0.0,3407.0,0.0,7518.0,0.0,0.0,0.0,85.00550064624947,85.00550064624947
40346,BROADWAY AND TERRACE ST,47.6052268173314,-122.32074874214,4,10914.0,0.0,9844.0,0.0,0.0,0.0,0.0,0.0,1070.0,126.9619930346667,96.6993391552178
31309,24TH AVE E AND E NEWTON N ST,47.6379129500034,-122.301513792873,3,10903.0,0.0,10387.0,0.0,516.0,0.0,0.0,0.0,0.0,149.5412250285936,130.70416324759177
44118,13TH AVE AND E YESLER WAY,47.601690194527,-122.314928501398,2,10816.0,0.0,0.0,10816.0,0.0,0.0,0.0,0.0,0.0,94.06261020961111,94.06261020961111
219509,GREENWOOD AVE N AND N 143RD ST,47.7323142419394,-122.355567238813,4,10815.0,0.0,0.0,853.0,7901.0,0.0,0.0,0.0,0.0,146.1912244688713,146.1912244688713
39139,7TH AVE AND WESTLAKE AVE,47.6152833624607,-122.337837035192,6,10771.0,382.0,3669.0,0.0,0.0,0.0,358.0,6362.0,0.0,149.6376222599874,149.6376222599874
48731,SW ADMIRAL WAY AND GARLOUGH W AVE SW,47.579256371655,-122.396500136239,2,10758.0,0.0,0.0,5488.0,5270.0,0.0,0.0,0.0,0.0,95.66470727462479,95.66470727462479
40523,9TH AVE AND HOWELL ST,47.6148212411501,-122.333166747929,7,10757.0,0.0,5028.0,0.0,0.0,0.0,701.0,5028.0,0.0,60.9075026349342,60.9075026349342
59549,35TH AVE S AND S CHARLESTOWN ST,47.5697669486198,-122.288913755178,6,10566.0,0.0,0.0,1974.0,3308.0,0.0,0.0,0.0,0.0,128.34895756248557,102.75430218732625
230776,EARL AVE NW AND NW 85TH ST,47.6905727981247,-122.391942454375,2,10553.0,0.0,0.0,0.0,10553.0,0.0,0.0,0.0,0.0,130.27101776780017,130.27101776780017
35501,GALER ST AND TAYLOR AVE N,47.6323005491697,-122.345955115973,6,10513.0,2531.0,2493.0,257.0,179.0,0.0,0.0,0.0,0.0,122.2477255882288,119.70220262748052
226453,5TH AVE NE AND NE 112TH S ST,47.7095811866602,-122.323304196066,2,10509.0,6041.0,4468.0,0.0,0.0,0.0,0.0,0.0,0.0,75.02265899556649,75.02265899556649
15654,16TH AVE NE AND NE RAVENNA WB BV,47.6704995280736,-122.31076045573,3,10463.0,0.0,0.0,10463.0,0.0,0.0,0.0,0.0,0.0,139.79192860549145,139.79192860549145
8853,62ND AVE NE AND NE 74TH ST,47.6821042748183,-122.262218035472,3,10408.0,0.0,0.0,2908.0,2292.0,0.0,0.0,0.0,0.0,69.54397157317293,69.54397157317293
38779,34TH AVE AND E DENNY WAY,47.6183203003541,-122.288663327999,3,10330.0,0.0,0.0,2563.0,2602.0,0.0,0.0,0.0,0.0,133.65839621230063,133.65839621230063
29472,8TH AVE N AND WESTLAKE N AVE N,47.6325525715815,-122.340889131027,5,10238.0,2056.0,3378.0,0.0,0.0,0.0,0.0,0.0,0.0,82.04803086162302,72.63228190252774
2740,32ND AVE NW AND NW 67TH N ST,47.6772903740145,-122.398373465627,3,10164.0,2516.0,2566.0,0.0,0.0,0.0,0.0,0.0,0.0,129.52007098812462,129.52007098812462
3501,8TH AVE NW AND NW 84TH ST,47.6898316518055,-122.365994945706,2,10146.0,10146.0,0.0,0.0,0.0,0.0,0.0,0.0,0.0,149.74014653391632,149.74014653391632
39549,ALASKAN WAY AND CLAY ST,47.6144334260528,-122.354024577576,11,10073.0,0.0,0.0,365.0,1661.0,1672.0,0.0,0.0,1472.0,142.05810678940043,142.05810678940043
59732,39TH AVE S AND S GENESEE ST,47.5641311388602,-122.283881342338,2,9995.0,0.0,0.0,5077.0,4918.0,0.0,0.0,0.0,0.0,132.53778101846595,132.53778101846595
68114,CALIFORNIA AVE SW AND SW HOLLY ST,47.5430777536111,-122.387235959228,2,9914.0,4447.0,5467.0,0.0,0.0,0.0,0.0,0.0,0.0,145.0504620837876,145.0504620837876
22115,WOODLAND PARK AVE N AND N 45TH ST,47.661384788701,-122.344558924356,11,9912.0,0.0,0.0,3951.0,2145.0,0.0,0.0,0.0,0.0,129.9338346520446,123.7188034140744
22532,FREMONT AVE N AND N 43RD S ST,47.658954143527,-122.350013280506,2,9897.0,5644.0,4253.0,0.0,0.0,0.0,0.0,0.0,0.0,69.55816587243963,61.98139247627344
15545,20TH AVE NE AND NE RAVENNA EB BV,47.6691780173878,-122.306490610498,3,9874.0,0.0,0.0,9874.0,0.0,0.0,0.0,0.0,0.0,131.30551814486762,131.30551814486762
20515,28TH AVE W AND GILMAN AVE W,47.6606429697578,-122.392768358583,2,9791.0,0.0,0.0,0.0,0.0,0.0,5183.0,4608.0,0.0,80.71432178007322,80.71432178007322
2114,JONES AVE NW AND NW 80TH ST,47.6868109055846,-122.386472267121,3,9696.0,0.0,0.0,0.0,9696.0,0.0,0.0,0.0,0.0,137.50233403247546,137.50233403247546
232743,LINDEN AVE N AND N 85TH ST,47.690570787708,-122.347207128467,9,9621.0,4536.0,2899.0,0.0,0.0,0.0,0.0,0.0,0.0,133.97810110879809,133.45971921168822
37346,30TH AVE E AND E JOHN ST,47.6201627124043,-122.293478438446,12,9617.0,0.0,0.0,2898.0,2018.0,0.0,0.0,0.0,0.0,142.5021652598955,142.5021652598955
45732,20TH AVE S AND S INGERSOLL PL,47.5937818435954,-122.306229311253,4,9592.0,1389.0,2006.0,0.0,0.0,0.0,0.0,0.0,0.0,131.1112731744426,131.1112731744426
45142,28TH AVE S AND S JACKSON ST,47.5992189421839,-122.296231659723,3,9575.0,0.0,0.0,2428.0,2359.0,0.0,0.0,0.0,0.0,149.02234276701355,149.02234276701355
58389,M L KING JR WR WAY S AND S ALASKA ST,47.5608214362205,-122.293511887571,2,9539.0,0.0,0.0,4079.0,5460.0,0.0,0.0,0.0,0.0,88.87716234472988,88.87716234472988
52712,17TH AVE S AND S BAYVIEW ST,47.5810028308511,-122.31079435286,3,9462.0,2128.0,2603.0,0.0,0.0,0.0,0.0,0.0,0.0,131.63602207835683,131.63602207835683
28145,1ST AVE W AND W SMITH ST,47.6414326368635,-122.358238688272,3,9441.0,0.0,0.0,0.0,0.0,1831.0,0.0,0.0,2888.0,71.66376565066382,71.66376565066382
6331,33RD AVE NE AND NE 70TH ST,47.6794149891937,-122.292519581856,12,9413.0,0.0,0.0,2202.0,2560.0,0.0,0.0,0.0,0.0,96.71814079612412,96.7181407961241
13327,MERIDIAN AVE N AND N 50TH ST,47.6650357207523,-122.333718702391,4,9398.0,1483.0,4324.0,0.0,0.0,0.0,0.0,0.0,0.0,134.2836081023946,134.2836081023946
28147,3RD AVE W AND W SMITH ST,47.6414154916137,-122.360918134215,3,9372.0,2016.0,2670.0,0.0,0.0,0.0,0.0,0.0,0.0,111.18225718415671,111.18225718415671
11127,20TH AVE NW AND NW 58TH ST,47.6709089865163,-122.382124461955,3,9294.0,3066.0,6228.0,0.0,0.0,0.0,0.0,0.0,0.0,132.95322745192613,132.94910674902846
5329,12TH AVE NE AND NE 72ND ST,47.6808445440976,-122.315636420382,5,9277.0,3159.0,2184.0,0.0,0.0,0.0,0.0,0.0,0.0,125.54134248818883,125.54134248818882
12740,14TH AVE NW AND NW BALLARD WAY,47.662931518888,-122.37359465508,4,9227.0,4242.0,4985.0,0.0,0.0,0.0,0.0,0.0,0.0,132.6824893616489,132.6824893616489
52744,23RD AVE S AND S MCCLELLAN ST,47.5783510794783,-122.303325106412,2,9217.0,0.0,0.0,0.0,9217.0,0.0,0.0,0.0,0.0,124.74940721934375,124.74940721934375
73360,RENTON AVE S AND S BOZEMAN ST,47.5321861144495,-122.278488790675,2,9183.0,0.0,9183.0,0.0,0.0,0.0,0.0,0.0,0.0,119.00289071719304,119.00289071719304
66328,42ND AVE S AND S MEAD ST,47.5504417049003,-122.280787374188,8,9128.0,2437.0,1783.0,0.0,0.0,0.0,0.0,0.0,0.0,136.4712215490504,136.4712215490504
72158,28TH AVE S AND BEACON WR AVE S,47.5394288745408,-122.297161885396,2,9044.0,0.0,0.0,0.0,0.0,0.0,0.0,9044.0,0.0,119.5759097200987,119.5759097200987
232741,FREMONT AVE N AND N 85TH ST,47.6905789831567,-122.349911934392,10,9035.0,1426.0,3442.0,0.0,0.0,0.0,0.0,0.0,0.0,131.64221380455965,131.64221380455962
40126,14TH AVE AND E MADISON ST,47.6138949230975,-122.314220435564,3,9009.0,3192.0,5817.0,0.0,0.0,0.0,0.0,0.0,0.0,41.444456385892,41.444456385892
14723,LATONA AVE NE AND NE 50TH W ST,47.6649875335579,-122.325608026699,3,8955.0,2559.0,1918.0,0.0,0.0,0.0,0.0,0.0,0.0,132.2490198771649,132.2490198771649
36373,15TH AVE E AND E JOHN SR ST,47.6196638846496,-122.312722241006,2,8920.0,8920.0,0.0,0.0,0.0,0.0,0.0,0.0,0.0,55.338811904131205,55.338811904131205
64343,13TH AVE S AND S ALBRO PL,47.5463999122263,-122.316119113026,2,8897.0,0.0,8897.0,0.0,0.0,0.0,0.0,0.0,0.0,119.94476330887953,119.94476330887953
12308,3RD AVE NW AND NW 55TH ST,47.6686933802295,-122.360806361888,6,8889.0,979.0,1355.0,0.0,0.0,0.0,0.0,0.0,4221.0,147.1484346385437,147.1484346385437
34319,4TH AVE W AND W HARRISON ST,47.6221295572845,-122.361951918559,3,8767.0,0.0,0.0,1002.0,7765.0,0.0,0.0,0.0,0.0,91.21800483068218,91.21800483068218
70729,HIGHLAND PARK WAY SW AND SW HOLDEN N ST,47.5340778458527,-122.347070130199,3,8706.0,5253.0,3453.0,0.0,0.0,0.0,0.0,0.0,0.0,61.0581290808109,61.05812908081091
15537,18TH AVE NE AND NE RAVENNA EB BV,47.6702946712566,-122.308488000514,4,8698.0,0.0,0.0,3586.0,0.0,0.0,0.0,2779.0,2333.0,139.17855024712455,135.97070431152008
6359,32ND AVE NE AND NE 65TH E ST,47.6757811609045,-122.292982989897,2,8652.0,0.0,0.0,0.0,8652.0,0.0,0.0,0.0,0.0,95.41000739480009,95.41000739480009
27706,28TH AVE W AND W MCGRAW S ST,47.6395649791019,-122.392998104548,4,8623.0,1570.0,1986.0,1209.0,0.0,0.0,0.0,0.0,0.0,148.64041218741463,97.73594350702245
22165,MIDVALE AVE N AND N 40TH ST,47.6553838464011,-122.343563673338,6,8621.0,0.0,0.0,3267.0,2742.0,0.0,0.0,0.0,0.0,138.06149795955065,138.06149795955068
81745,55TH AVE S AND S ROXBURY ST,47.5168163510583,-122.264048665935,5,8576.0,0.0,0.0,1270.0,2320.0,0.0,0.0,0.0,0.0,120.96107450247312,120.96107450247311
57509,1ST AVE S AND S HORTON ST,47.5743855785611,-122.334203662014,5,8569.0,0.0,0.0,2840.0,2979.0,0.0,0.0,0.0,0.0,114.23349888391319,114.2334988839132
221321,33RD AVE NE AND NE 130TH ST,47.722732154056,-122.291987705969,5,8559.0,0.0,0.0,8559.0,0.0,0.0,0.0,0.0,0.0,143.20543267136523,143.20543267136523
21503,11TH AVE NW AND NW 45TH ST,47.6614694192833,-122.370769449103,3,8500.0,6024.0,2476.0,0.0,0.0,0.0,0.0,0.0,0.0,132.63575746742097,132.63575746742097
226145,15TH AVE NE AND NE 117TH ST,47.7139785084384,-122.31249461834,2,8471.0,4775.0,3696.0,0.0,0.0,0.0,0.0,0.0,0.0,89.5182131679142,89.5182131679142
13746,PHINNEY AVE N AND N 47TH ST,47.6628802374894,-122.353973884198,3,8329.0,0.0,8329.0,0.0,0.0,0.0,0.0,0.0,0.0,134.88196012077094,134.88196012077094
66741,42ND AVE S AND S BATEMAN ST,47.5467464698898,-122.280829761089,7,8329.0,1695.0,1735.0,0.0,0.0,0.0,0.0,0.0,0.0,138.4211087862811,138.4211087862811
70454,2ND AVE SW AND HIGHLAND PARK WAY SW,47.5398126588025,-122.337111344696,8,8295.0,2988.0,2137.0,0.0,0.0,0.0,0.0,0.0,0.0,124.59514306305479,124.59514306305479
5747,1ST AVE NE AND NE 65TH ST,47.6759345464448,-122.32815489503,2,8240.0,0.0,0.0,0.0,8240.0,0.0,0.0,0.0,0.0,96.5270001535161,96.5270001535161
44122,BROADWAY AND YESLER WAY,47.6017003551429,-122.320737353975,2,8179.0,0.0,0.0,0.0,8179.0,0.0,0.0,0.0,0.0,142.05539081040084,142.05539081040084
13110,MERIDIAN AVE N AND N 60TH ST,47.6723190027999,-122.333558061122,9,8146.0,2107.0,1960.0,0.0,0.0,0.0,0.0,0.0,0.0,109.58973613277672,109.58973613277672
40253,E MADISON ST AND E SENECA ST,47.6121824601635,-122.31832882545,3,8082.0,0.0,0.0,7803.0,279.0,0.0,0.0,0.0,0.0,128.26535092593423,96.38921432087727
78309,8TH AVE S AND S HENDERSON ST,47.5230661528046,-122.322972217692,9,8063.0,2197.0,1835.0,0.0,0.0,0.0,0.0,0.0,0.0,147.00548955043763,147.00548955043763
15338,30TH AVE NE AND UNION BAY PL NE,47.6637388970418,-122.295614168899,2,8025.0,3809.0,4216.0,0.0,0.0,0.0,0.0,0.0,0.0,128.70931204155255,128.70931204155255
231343,3RD AVE NW AND NW 85TH ST,47.6906253872984,-122.360647540892,2,8014.0,0.0,8014.0,0.0,0.0,0.0,0.0,0.0,0.0,131.51322980524702,131.51322980524702
11531,NW 54TH ST AND NW MARKET ST,47.6686479388631,-122.394509012514,3,8011.0,0.0,0.0,1355.0,2650.0,0.0,0.0,0.0,0.0,139.78537254784416,139.78537254784416
61110,ERSKINE WAY SW AND LEWIS PL SW,47.5588376617065,-122.387541188504,4,8010.0,0.0,0.0,0.0,0.0,3598.0,0.0,0.0,1194.0,124.91494337270785,124.91494337270785
23114,11TH AVE NE AND NE 43RD ST,47.6598365144509,-122.316616955488,7,8008.0,0.0,0.0,1362.0,3678.0,0.0,0.0,0.0,0.0,139.5075687832474,139.5075687832474
52563,17TH AVE S AND S WALKER ST,47.5836847615223,-122.310777092838,6,7888.0,1854.0,2090.0,0.0,0.0,0.0,0.0,0.0,0.0,129.95016156517187,129.95016156517184
52505,20TH AVE S AND S MASSACHUSETTS ST,47.5884125393475,-122.306233946429,3,7880.0,0.0,0.0,2460.0,1480.0,0.0,0.0,0.0,0.0,49.666686453583246,49.666686453583246
12334,3RD AVE NW AND NW 52ND S ST,47.6664211032635,-122.360800791911,3,7860.0,2122.0,1808.0,0.0,0.0,0.0,0.0,0.0,0.0,90.56381738366488,90.5638173836649
34106,2ND AVE W AND W GALER W ST,47.6323207689003,-122.359682142169,3,7858.0,0.0,0.0,2097.0,1832.0,0.0,0.0,0.0,0.0,100.04011112326658,100.04011112326658
13720,FREMONT AVE N AND N 49TH ST,47.6643012751981,-122.3500175246,2,7822.0,7822.0,0.0,0.0,0.0,0.0,0.0,0.0,0.0,134.8795589968642,134.8795589968642
29721,BOSTON ST AND NOB HILL AVE N,47.6382593102488,-122.350720253972,2,7778.0,0.0,0.0,2206.0,0.0,0.0,0.0,0.0,0.0,149.96020957067,149.96020957067
55706,30TH AVE SW AND SW AVALON WAY,47.5676089182347,-122.37076473668,7,7760.0,2337.0,1896.0,0.0,0.0,0.0,0.0,0.0,0.0,131.5061096273703,131.5061096273703
5132,5TH AVE NE AND NE 79TH ST,47.6860495503455,-122.322941271657,2,7672.0,7672.0,0.0,0.0,0.0,0.0,0.0,0.0,0.0,134.0722148286401,134.0722148286401
36335,HARVARD AVE E AND E HARRISON ST,47.6219939594055,-122.322025662701,4,7645.0,0.0,0.0,3501.0,1155.0,0.0,0.0,0.0,0.0,137.54458615220318,137.54458615220318
78108,8TH AVE S AND S SOUTHERN ST,47.5298142840524,-122.322859637444,7,7624.0,2858.0,3100.0,0.0,0.0,0.0,0.0,0.0,0.0,145.21430816888665,145.21430816888665
12706,14TH AVE NW AND NW 54TH ST,47.6678896704522,-122.373589331531,2,7601.0,7601.0,0.0,0.0,0.0,0.0,0.0,0.0,0.0,141.47399045758024,141.47399045758024
29505,FLORENTIA ST AND WARREN AVE N,47.6468881137694,-122.354502919527,3,7586.0,0.0,0.0,1534.0,2266.0,0.0,0.0,0.0,0.0,132.07469722679406,132.07469722679406
3102,3RD AVE NW AND NW 84TH ST,47.6898352518115,-122.360648062363,2,7574.0,7574.0,0.0,0.0,0.0,0.0,0.0,0.0,0.0,143.60870135665476,143.60870135665476
40133,BROADWAY AND E UNION ST,47.6129633627689,-122.320762379528,2,7538.0,0.0,0.0,0.0,7538.0,0.0,0.0,0.0,0.0,111.22274237143621,111.22274237143621
82124,SEAVIEW AVE NW AND 37TH PL NW,47.672006361461,-122.405302396906,3,7523.0,0.0,0.0,0.0,0.0,0.0,1741.0,2007.0,0.0,50.60671251111857,50.606712511118566
34659,ALASKAN WAY W AND W GALER ST,47.6318335879909,-122.376353264041,3,7505.0,0.0,0.0,0.0,7505.0,0.0,0.0,0.0,0.0,11.65324686936623,11.65324686936623
39411,ALASKAN ER WAY AND MADISON ST,47.6039104443722,-122.338104536313,2,7389.0,0.0,0.0,0.0,0.0,0.0,0.0,0.0,7389.0,105.47723785310181,105.47723785310181
55652,HARBOR AVE SW AND SW SPOKANE NR ST,47.5717885848594,-122.370655016151,3,7338.0,2809.0,4529.0,0.0,0.0,0.0,0.0,0.0,0.0,41.61953055704645,41.61953055704645
4707,GREENWOOD AVE N AND N 73RD ST,47.68180515979,-122.355303624249,2,7276.0,0.0,6614.0,662.0,0.0,0.0,0.0,0.0,0.0,136.03632703968518,135.5094672077671
15536,16TH AVE NE AND NE RAVENNA EB BV,47.6703078830037,-122.310758905101,3,7271.0,0.0,0.0,0.0,0.0,0.0,7271.0,0.0,0.0,138.4259263611436,138.4259263611436
40510,BELLEVUE AVE AND E OLIVE ST,47.6163418404735,-122.326787520193,2,7266.0,7266.0,0.0,0.0,0.0,0.0,0.0,0.0,0.0,133.5967719835625,133.5967719835625
45706,20TH AVE S AND S LANE ST,47.5966412231909,-122.306364584721,2,7254.0,0.0,0.0,0.0,0.0,0.0,0.0,0.0,0.0,137.94701557470282,137.94701557470282
45116,27TH AVE AND E YESLER WAY,47.6016584376099,-122.29786394894,2,7205.0,0.0,0.0,7205.0,0.0,0.0,0.0,0.0,0.0,134.71067133451206,134.71067133451206
5737,5TH AVE NE AND WOODLAWN AVE NE,47.6783231053715,-122.325375223374,2,7169.0,2521.0,0.0,0.0,0.0,0.0,4648.0,0.0,0.0,92.45927135084928,92.45927135084928
19504,43RD AVE W AND W EMERSON ST,47.6541000648944,-122.413137183256,9,7157.0,0.0,0.0,1691.0,1889.0,0.0,0.0,0.0,0.0,125.77042660888584,125.77042660888586
64303,12TH AVE S AND S LUCILE ST,47.5534564856089,-122.317189107012,2,7107.0,0.0,0.0,3544.0,3563.0,0.0,0.0,0.0,0.0,129.77067324391945,129.77067324391945
36359,BROADWAY E AND E THOMAS ST,47.6210758708715,-122.32089167065,4,7094.0,0.0,0.0,1266.0,3000.0,0.0,0.0,0.0,0.0,117.05159005631342,117.05159005631342
44548,7TH AVE S AND S KING ST,47.598349839676,-122.323753753233,2,7052.0,0.0,0.0,0.0,0.0,0.0,0.0,0.0,0.0,80.26085980497946,80.26085980497946
40502,MELROSE AVE AND OLIVE WAY,47.6166417097085,-122.327880673992,4,7029.0,827.0,3570.0,0.0,0.0,0.0,0.0,0.0,0.0,77.63554077295203,77.63554077295203
65741,CORGIAT DR S AND S ALBRO PL,47.5481674896603,-122.312514995273,6,7009.0,0.0,0.0,0.0,0.0,0.0,1591.0,1914.0,0.0,68.59367407810227,68.59367407810227
57218,15TH AVE S AND 15TH AVE S TURN RD,47.5698673283736,-122.313427108892,2,6991.0,0.0,6991.0,0.0,0.0,0.0,0.0,0.0,0.0,127.87675081431236,127.87675081431236
15655,17TH AVE NE AND NE RAVENNA WB BV,47.6701148389316,-122.309620514361,3,6963.0,0.0,0.0,0.0,0.0,0.0,0.0,6963.0,0.0,142.93373436474965,142.93373436474965
34108,3RD AVE W AND W GALER W ST,47.6323240029125,-122.361023538858,3,6957.0,0.0,0.0,1873.0,1605.0,0.0,0.0,0.0,0.0,95.17561082270491,95.17561082270491
23145,UNIVERSITY WAY NE AND NE 41ST ST,47.6568342204446,-122.313246009761,4,6917.0,0.0,4838.0,2079.0,0.0,0.0,0.0,0.0,0.0,139.50322105590487,126.19167176283185
58707,15TH AVE S AND S SNOQUALMIE ST,47.5617007011895,-122.313480075037,5,6894.0,0.0,0.0,2074.0,1712.0,0.0,0.0,0.0,0.0,85.08815917634047,82.93333820343828
15544,21ST AVE NE AND NE RAVENNA EB BV,47.6693506152074,-122.30545566657,3,6873.0,0.0,0.0,0.0,3311.0,0.0,3562.0,0.0,0.0,127.21494407994501,127.21494407994503
15853,22ND AVE NE AND NE 54TH ST,47.6679592435747,-122.303738951998,2,6835.0,0.0,3155.0,3680.0,0.0,0.0,0.0,0.0,0.0,135.88517120776743,111.36115755070992
56101,UTAH AVE S AND S HANFORD ST,47.5755756752787,-122.335127025608,5,6830.0,0.0,0.0,3499.0,937.0,0.0,0.0,0.0,0.0,113.5380633258971,113.53806332589711
55271,CHELAN SR AVE SW AND DELRIDGE WAY SW,47.571834851334,-122.360081147318,4,6818.0,4299.0,0.0,1142.0,0.0,1377.0,0.0,0.0,0.0,96.65686742220777,60.40262024589828
37307,28TH AVE E AND E MERCER ST,47.6243595243726,-122.29660797732,3,6736.0,1082.0,1791.0,0.0,0.0,0.0,0.0,0.0,0.0,108.47313787653493,108.47313787653495
50310,UTAH AVE S AND S LANDER ST,47.5798113788051,-122.335124893893,2,6730.0,0.0,0.0,6730.0,0.0,0.0,0.0,0.0,0.0,113.53856224749599,113.53856224749599
76732,30TH AVE SW AND SW CAMBRIDGE S ST,47.5180354338474,-122.371384190586,7,6662.0,1511.0,2046.0,0.0,0.0,0.0,0.0,0.0,0.0,110.74324697615346,110.74324697615347
11129,17TH AVE NW AND NW 57TH ST,47.670174836978,-122.378883146798,5,6653.0,2521.0,2409.0,0.0,0.0,0.0,0.0,0.0,0.0,132.94979737777405,132.94979737777405
40501,BELLEVUE AVE AND E OLIVE WAY,47.6170767599038,-122.326819707934,3,6561.0,0.0,6561.0,0.0,0.0,0.0,0.0,0.0,0.0,120.62853609709926,120.62853609709926
23130,UNIVERSITY WAY NE AND NE 42ND ST,47.6583148488654,-122.313207169268,4,6556.0,0.0,0.0,3211.0,1137.0,0.0,0.0,0.0,0.0,142.4820802115761,142.4820802115761
52108,M L KING JR WAY S AND S MASSACHUSETTS ST,47.5883118320313,-122.298050653553,4,6478.0,0.0,0.0,1377.0,2427.0,0.0,0.0,0.0,0.0,129.8455312222933,129.8455312222933
45341,31ST AVE S AND S NORMAN ST,47.5932894989427,-122.292770462982,2,6473.0,0.0,0.0,0.0,0.0,0.0,0.0,0.0,0.0,143.3434165075941,143.3434165075941
54110,42ND AVE SW AND SW HANFORD ST,47.5756206177209,-122.385667195536,4,6463.0,0.0,0.0,1145.0,2804.0,0.0,0.0,0.0,0.0,134.95323148667782,134.95323148667782
7703,43RD AVE NE AND NE 75TH ST,47.6830396464629,-122.282033036594,2,6426.0,0.0,0.0,3252.0,3174.0,0.0,0.0,0.0,0.0,129.53600821623738,129.53600821623738
11456,17TH AVE NW AND NW IONE PL,47.6667130324603,-122.378886082626,3,6416.0,2047.0,1161.0,0.0,0.0,0.0,0.0,0.0,0.0,82.87958059462557,82.87958059462557
53651,63RD AVE SW AND BEACH DR SW,47.5726116255536,-122.413330907849,3,6382.0,0.0,0.0,0.0,0.0,0.0,1539.0,1652.0,0.0,62.209936955884544,62.20993695588455
13346,INTERLAKE AVE N AND N 48TH ST,47.6635786572332,-122.340638222836,6,6379.0,0.0,0.0,0.0,0.0,0.0,0.0,0.0,0.0,65.93548465669953,65.93548465669953
43316,ALASKAN WAY S AND S ATLANTIC ST,47.5907320849151,-122.337335802918,5,6373.0,0.0,0.0,2013.0,3218.0,0.0,0.0,0.0,0.0,112.48114312273401,112.48114312273401
7370,54TH AVE NE AND NE 65TH ST,47.6757523473564,-122.269564862287,3,6369.0,0.0,0.0,1647.0,1538.0,0.0,0.0,0.0,0.0,81.89927998978371,81.89927998978371
235757,36TH AVE NE AND NE 85TH ST,47.6901981314497,-122.289280185496,3,6184.0,0.0,0.0,1587.0,1496.0,0.0,0.0,0.0,0.0,147.74474166184444,147.74474166184444
2747,EARL AVE NW AND NW 65TH ST,47.6759148441835,-122.391836278831,2,6181.0,0.0,0.0,3022.0,3159.0,0.0,0.0,0.0,0.0,137.9906562830918,137.9906562830918
227309,26TH AVE NE AND NE 115TH ST,47.7120522341712,-122.300350352195,4,6165.0,0.0,0.0,2253.0,1326.0,0.0,0.0,0.0,0.0,102.709408510043,102.709408510043
27732,CONDON WAY W AND W NEWTON ST,47.6366921802171,-122.394877011559,9,6043.0,0.0,0.0,0.0,0.0,0.0,1985.0,1047.0,0.0,144.32504749635467,144.32504749635467
25115,46TH AVE NE AND NE 45TH ST,47.6612906858086,-122.278340508061,2,6038.0,0.0,0.0,2597.0,0.0,0.0,0.0,0.0,0.0,127.0372389855004,127.0372389855004
56256,EAST MARGINAL ER WAY S AND S SPOKANE NR ST,47.5717028419112,-122.33946676663,3,6011.0,0.0,0.0,0.0,6011.0,0.0,0.0,0.0,0.0,26.330938933872822,26.33093893387282
13754,FREMONT AVE N AND N 46TH ST,47.6621355812984,-122.350033914529,2,5997.0,0.0,5997.0,0.0,0.0,0.0,0.0,0.0,0.0,134.935784177871,134.935784177871
54108,WALNUT AVE SW AND SW HANFORD ST,47.5756088046491,-122.383564275613,3,5984.0,0.0,0.0,1188.0,1804.0,0.0,0.0,0.0,0.0,129.06407189427972,129.06407189427972
232740,FREMONT AVE N AND N 86TH ST,47.6913034835741,-122.349920534936,5,5973.0,531.0,946.0,0.0,0.0,0.0,0.0,0.0,0.0,131.6409356576352,131.6409356576352
45725,RAINIER AVE S AND S CHARLES S ST,47.5940719442421,-122.310150324319,4,5892.0,0.0,0.0,1373.0,2101.0,0.0,0.0,0.0,0.0,142.5077785595531,142.5077785595531
23133,ROOSEVELT WAY NE AND NE 42ND S ST,47.657514224791,-122.31780213045,2,5868.0,0.0,0.0,1950.0,0.0,0.0,0.0,0.0,0.0,122.49757079309136,122.49757079309136
26176,33RD AVE W AND W WHEELER ST,47.6400344379491,-122.399620581578,5,5855.0,451.0,330.0,0.0,0.0,0.0,0.0,0.0,0.0,89.50963480440635,89.50963480440635
56106,UTAH AVE S AND S HORTON ST,47.5743857279639,-122.335127519903,6,5853.0,0.0,0.0,1512.0,1415.0,0.0,0.0,0.0,0.0,113.52331746307446,113.52331746307446
232730,FREMONT AVE N AND N 87TH N ST,47.6924022329218,-122.349933576461,6,5795.0,1400.0,1559.0,0.0,0.0,0.0,0.0,0.0,0.0,63.56805053997612,63.56805053997612
77709,12TH AVE SW AND SW HENDERSON ST,47.5228373123486,-122.350621637006,2,5759.0,0.0,0.0,2836.0,2923.0,0.0,0.0,0.0,0.0,131.1031049599895,131.1031049599895
45353,26TH AVE S AND S JUDKINS E ST,47.5920605695565,-122.29849716295,4,5752.0,0.0,0.0,2004.0,1407.0,0.0,0.0,0.0,0.0,106.02443875770896,106.02443875770896
12524,14TH AVE NW AND NW 59TH ST,47.6716288864887,-122.373580917949,2,5745.0,2697.0,3048.0,0.0,0.0,0.0,0.0,0.0,0.0,132.99453646581514,132.99453646581514
12160,3RD AVE NW AND NW 56TH ST,47.6694278593368,-122.360801304795,3,5724.0,2966.0,2416.0,342.0,0.0,0.0,0.0,0.0,0.0,133.95789656263153,132.5032729171426
22727,TROLL AVE N AND N 36TH ST,47.6509664030762,-122.347396832935,5,5619.0,367.0,269.0,0.0,0.0,0.0,0.0,0.0,0.0,147.3492348787916,136.86903241415985
53256,52ND AVE SW AND SW CHARLESTOWN E ST,47.5703327161185,-122.398528613427,3,5568.0,0.0,0.0,1720.0,1077.0,0.0,0.0,0.0,0.0,31.248935073780057,31.248935073780057
11138,LEARY AVE NW AND NW MARKET ST,47.6686783892035,-122.384745548417,2,5561.0,0.0,5561.0,0.0,0.0,0.0,0.0,0.0,0.0,141.48468496235904,141.48468496235904
39550,ALASKAN WAY AND VINE ST,47.6133344171961,-122.352172880919,7,5455.0,0.0,0.0,0.0,0.0,1928.0,0.0,0.0,439.0,142.5570308302619,142.55703083026194
44555,2ND AVE S AND S KING ST,47.5982876539067,-122.331580823026,2,5442.0,0.0,0.0,2302.0,3140.0,0.0,0.0,0.0,0.0,148.63953751598513,148.63953751598513
39106,BLANCHARD ST AND WESTLAKE AVE,47.6177518470864,-122.338344436253,2,5439.0,0.0,0.0,2799.0,0.0,2640.0,0.0,0.0,0.0,136.72730021037594,136.72730021037594
30146,10TH AVE E AND E MILLER ST,47.6413550104279,-122.320058804947,5,5374.0,0.0,0.0,653.0,3040.0,0.0,0.0,0.0,0.0,129.8450189799202,129.8450189799202
23120,9TH AVE NE AND NE 43RD ST,47.6594581890964,-122.318786880704,3,5359.0,0.0,0.0,2721.0,0.0,0.0,0.0,0.0,0.0,127.05328981943607,127.05328981943607
15559,19TH AVE NE AND NE 55TH PL,47.6689362302627,-122.307077061655,2,5203.0,0.0,0.0,0.0,0.0,0.0,0.0,5203.0,0.0,149.1606160791274,149.1606160791274
11301,17TH AVE NW AND NW 54TH ST,47.6678950846176,-122.378884589888,2,5200.0,5200.0,0.0,0.0,0.0,0.0,0.0,0.0,0.0,141.02120081847045,141.02120081847045
13329,WALLINGFORD AVE N AND N 50TH ST,47.6650350253218,-122.336409992425,6,5156.0,3136.0,2020.0,0.0,0.0,0.0,0.0,0.0,0.0,135.3576930540093,134.70715740406828
59550,34TH AVE S AND S CHARLESTOWN ST,47.5697679074879,-122.289953610934,2,5156.0,0.0,0.0,0.0,2333.0,0.0,0.0,0.0,0.0,91.98782960568494,91.98782960568494
36336,BROADWAY E AND E HARRISON ST,47.6219880718286,-122.320906178958,4,5142.0,0.0,0.0,1059.0,2049.0,0.0,0.0,0.0,0.0,120.57868352463336,120.57868352463336
10102,32ND AVE NW AND NW 64TH N ST,47.6751527929927,-122.398381123056,2,5141.0,2624.0,2517.0,0.0,0.0,0.0,0.0,0.0,0.0,122.0508398504573,122.0508398504573
146523,LAKE WASHINGTON BLVD S AND S JACKSON ST,47.5991536932884,-122.288619042898,6,5110.0,0.0,0.0,1167.0,1388.0,0.0,0.0,0.0,0.0,110.57264735110023,74.63369098186524
66327,42ND AVE S AND S JUNEAU ST,47.5496979272598,-122.280795903087,4,5109.0,0.0,0.0,0.0,0.0,0.0,0.0,0.0,0.0,138.44567119360772,138.44567119360772
52735,16TH AVE S AND S MCCLELLAN ST,47.5786297384408,-122.312048958153,4,5062.0,0.0,0.0,5062.0,0.0,0.0,0.0,0.0,0.0,55.776145866276806,55.776145866276806
27541,32ND AVE W AND W SMITH S ST,47.6405300858975,-122.398320108349,2,5036.0,3318.0,1718.0,0.0,0.0,0.0,0.0,0.0,0.0,113.92948967723815,101.90563815293328
2301,15TH AVE NW AND NW 75TH ST,47.6832379189716,-122.37678003597,5,5027.0,0.0,0.0,2521.0,829.0,0.0,0.0,0.0,0.0,132.14393865301452,132.14393865301452
22737,ALBION PL N AND N 34TH ST,47.6488417933062,-122.344765876286,7,5016.0,0.0,0.0,2967.0,1296.0,0.0,0.0,0.0,0.0,144.65729757757512,144.65729757757512
44710,6TH AVE S AND S DEARBORN ST,47.5958372733576,-122.326373799562,3,4962.0,4962.0,0.0,0.0,0.0,0.0,0.0,0.0,0.0,128.87831245359706,128.87831245359706
11528,28TH AVE NW AND NW 56TH ST,47.669462479212,-122.392876183046,4,4952.0,0.0,3519.0,0.0,0.0,0.0,0.0,0.0,0.0,147.3123566954749,147.3123566954749
80739,39TH AVE S AND S ROXBURY ST,47.5169717852842,-122.283714353767,3,4908.0,1390.0,1064.0,0.0,0.0,0.0,0.0,0.0,0.0,89.50155174694405,89.50155174694403
37152,28TH AVE E AND E ROY ST,47.6251498939577,-122.296523124709,7,4894.0,1979.0,2080.0,164.0,671.0,0.0,0.0,0.0,0.0,142.76750458261984,131.70361229114334
66749,39TH AVE S AND S GRAHAM ST,47.5460212562043,-122.283341098663,6,4887.0,1471.0,773.0,0.0,0.0,0.0,0.0,0.0,0.0,130.13382521042345,130.13382521042345
31711,16TH AVE E AND BOYER E AVE E,47.6393439027473,-122.310306716647,2,4880.0,0.0,0.0,0.0,1826.0,0.0,3054.0,0.0,0.0,131.93540719615459,100.57608972323104
52743,22ND AVE S AND S MCCLELLAN ST,47.5783530718472,-122.304336885177,2,4865.0,0.0,0.0,4865.0,0.0,0.0,0.0,0.0,0.0,124.86329086113328,124.86329086113328
55325,26TH AVE SW AND SW NEVADA ST,47.5654493453534,-122.365472258288,6,4857.0,411.0,366.0,0.0,0.0,0.0,0.0,0.0,0.0,131.5404903291594,131.5404903291594
28152,7TH AVE W AND W WHEELER ST,47.6407063852815,-122.36627297372,5,4853.0,2045.0,1875.0,0.0,0.0,0.0,0.0,0.0,0.0,129.31540883321824,129.31540883321824
13332,WOODLAWN AVE N AND N 50TH W ST,47.6650344273312,-122.339127174858,6,4845.0,0.0,0.0,0.0,0.0,0.0,0.0,0.0,0.0,135.4110730939086,135.4110730939086
22116,WOODLAND PARK AVE N AND N 44TH ST,47.6599589886157,-122.344575036362,3,4817.0,490.0,1917.0,0.0,0.0,0.0,0.0,0.0,0.0,119.72886417692972,119.72886417692972
235335,INVERNESS CT NE AND INVERNESS DR NE,47.6926845622203,-122.272162636454,6,4806.0,0.0,0.0,0.0,0.0,554.0,0.0,0.0,412.0,50.04517076427766,50.04517076427766
29720,3RD AVE N AND BOSTON ST,47.6382606197199,-122.351937355345,2,4786.0,0.0,0.0,2623.0,2163.0,0.0,0.0,0.0,0.0,149.53042510996337,149.53042510996337
3307,PALATINE AVE N AND N 73RD ST,47.6818027325007,-122.356399576841,6,4780.0,0.0,0.0,1240.0,1150.0,0.0,0.0,0.0,0.0,124.9862212229375,124.9862212229375
46855,37TH PL S AND MOUNT RAINIER DR S,47.5765791855922,-122.28646668667,2,4608.0,0.0,0.0,0.0,0.0,0.0,2105.0,2503.0,0.0,106.75221451624888,106.75221451624888
41327,30TH AVE AND E CHERRY ST,47.6079922041814,-122.293632057394,2,4553.0,0.0,0.0,2353.0,2200.0,0.0,0.0,0.0,0.0,129.75059321273483,129.75059321273483
77724,15TH AVE SW AND SW CAMBRIDGE ST,47.5191927622592,-122.354000234226,9,4547.0,0.0,0.0,1203.0,1070.0,0.0,0.0,0.0,0.0,141.3935942970539,141.23169969814805
44550,MAYNARD AVE S AND S KING ST,47.5983518942825,-122.32505863297,3,4516.0,0.0,0.0,966.0,1268.0,0.0,0.0,0.0,0.0,80.21362124751063,80.21362124751063
66515,37TH AVE S AND S FERDINAND ST,47.5578514159449,-122.286140853853,7,4516.0,335.0,213.0,1289.0,706.0,0.0,0.0,0.0,0.0,146.5758428071243,140.06455222856832
11132,22ND AVE NW AND NW 57TH ST,47.6701831296679,-122.38474257023,2,4396.0,4396.0,0.0,0.0,0.0,0.0,0.0,0.0,0.0,132.95473965615994,132.95473965615994
77535,14TH AVE SW AND SW TRENTON E ST,47.5246891217986,-122.352809756183,9,4384.0,0.0,0.0,1146.0,1042.0,0.0,0.0,0.0,0.0,131.26241969859691,131.26241969859691
40125,14TH AVE AND E PIKE ST,47.6141221491799,-122.314224030414,2,4355.0,0.0,0.0,2798.0,1557.0,0.0,0.0,0.0,0.0,65.00543286057368,65.00543286057368
73353,46TH AVE S AND S HOLDEN S ST,47.5333916223054,-122.275319478607,10,4346.0,797.0,990.0,0.0,0.0,0.0,0.0,0.0,0.0,138.69902024560747,138.69902024560747
66730,39TH AVE S AND S MEAD ST,47.5504709547699,-122.283426702832,7,4273.0,1450.0,392.0,0.0,0.0,0.0,0.0,0.0,0.0,136.25428519789466,135.90897120842791
12505,14TH AVE NW AND NW 64TH ST,47.6752737061262,-122.373571598113,2,4263.0,2147.0,2116.0,0.0,0.0,0.0,0.0,0.0,0.0,123.74130812579773,123.74130812579773
50301,UTAH AVE S AND S STACY ST,47.5818953998939,-122.335124746968,2,4256.0,0.0,0.0,4256.0,0.0,0.0,0.0,0.0,0.0,113.63963959982027,113.63963959982027
50314,UTAH AVE S AND S FOREST ST,47.5777279435202,-122.335126921885,2,4217.0,0.0,0.0,4217.0,0.0,0.0,0.0,0.0,0.0,113.65618385588265,113.65618385588265
43213,ALASKAN ER WAY S AND S JACKSON ST,47.599207330729,-122.335655376678,2,4182.0,0.0,0.0,540.0,3642.0,0.0,0.0,0.0,0.0,4.963620111022121,4.963620111022121
41730,22ND AVE AND E JEFFERSON ST,47.6061630700357,-122.303785749167,2,4169.0,0.0,0.0,4169.0,0.0,0.0,0.0,0.0,0.0,124.43510689308155,124.43510689308155
20533,26TH AVE W AND W ELMORE ST,47.6576643808039,-122.389907231421,4,4119.0,0.0,0.0,703.0,696.0,0.0,0.0,0.0,0.0,137.87977410421854,137.87977410421854
67721,WILSON AVE S AND S ORCAS ST,47.5511208929,-122.265864300467,3,4061.0,0.0,0.0,929.0,1154.0,0.0,0.0,0.0,0.0,145.20555472685965,145.20555472685965
46740,MOUNT RAINIER DR S AND S FERRIS PL,47.5759998556502,-122.285342921737,2,4056.0,1822.0,2234.0,0.0,0.0,0.0,0.0,0.0,0.0,146.7485351116349,146.7485351116349
33252,PIER 91 ACCESS RD AND W GALER ST,47.6316251227794,-122.376713394115,4,4047.0,0.0,0.0,1524.0,801.0,0.0,0.0,0.0,0.0,126.85155423745871,126.85155423745871
40538,PIKE ST AND CONVENTION PL,47.6125353697687,-122.331133853215,3,4039.0,0.0,2367.0,0.0,0.0,0.0,0.0,1672.0,0.0,61.0140306496021,61.0140306496021
15333,32ND AVE NE AND NE 50TH ST,47.6648803109387,-122.293437245319,3,3860.0,0.0,0.0,1072.0,832.0,0.0,0.0,0.0,0.0,130.5026430092645,130.5026430092645
227125,28TH AVE NE AND NE 120TH ST,47.71562590668,-122.298031347964,5,3791.0,0.0,0.0,2144.0,512.0,0.0,0.0,0.0,0.0,77.1459203279174,77.1459203279174
44524,3RD AVE S AND S WASHINGTON ST,47.6008771144627,-122.33026811217,3,3783.0,0.0,0.0,1138.0,2645.0,0.0,0.0,0.0,0.0,116.7878384329086,116.7878384329086
21108,3RD AVE NW AND NW 45TH ST,47.6614689896131,-122.360789801509,2,3736.0,1948.0,0.0,0.0,0.0,0.0,0.0,0.0,0.0,130.78671166277292,130.78671166277292
11101,17TH AVE NW AND NW 64TH ST,47.6752803179899,-122.378881214021,12,3713.0,859.0,1001.0,0.0,0.0,0.0,0.0,0.0,0.0,130.25237243425244,130.25237243425246
12309,NW 55TH PL AND NW 55TH ST,47.6686617409527,-122.361535260864,4,3644.0,0.0,0.0,1667.0,513.0,0.0,0.0,0.0,0.0,89.98198829168979,89.98198829168979
146703,35TH AVE S AND S LANE ST,47.5966030918388,-122.287795015533,3,3615.0,964.0,843.0,0.0,0.0,0.0,0.0,0.0,0.0,112.61959272717739,112.61959272717739
13734,FREMONT AVE N AND N 48TH ST,47.663588018874,-122.350022982855,2,3573.0,2145.0,0.0,0.0,0.0,0.0,0.0,0.0,0.0,129.58908913894373,129.58908913894373
23128,12TH AVE NE AND NE 42ND ST,47.6583424593294,-122.315519817533,2,3571.0,0.0,0.0,0.0,3571.0,0.0,0.0,0.0,0.0,139.97970377019163,139.97970377019163
73861,CHICAGO CT S AND S CHICAGO ST,47.5325914817385,-122.282777261125,8,3561.0,1535.0,717.0,0.0,0.0,0.0,0.0,0.0,0.0,140.5224897092772,140.5224897092772
22705,FREMONT AVE N AND FREMONT WAY N,47.6541402628848,-122.349905353238,2,3517.0,0.0,0.0,0.0,3517.0,0.0,0.0,0.0,0.0,81.50894149050731,81.50894149050731
221317,27TH AVE NE AND NE 133RD ST,47.7247273414927,-122.299136450081,10,3505.0,548.0,728.0,0.0,0.0,0.0,0.0,0.0,0.0,129.54855009451245,129.54855009451245
25112,48TH AVE NE AND NE 44TH ST,47.6605750530499,-122.276676653952,3,3450.0,789.0,936.0,0.0,0.0,0.0,0.0,0.0,0.0,129.5083443547477,129.5083443547477
12117,2ND AVE NW AND NW 62ND ST,47.674347169011,-122.359478055266,4,3447.0,0.0,0.0,467.0,646.0,0.0,0.0,0.0,0.0,127.37914245877153,127.37914245877153
21173,LEARY WAY NW AND NW BOWDOIN N PL,47.6551884311261,-122.361071539938,2,3419.0,1915.0,1504.0,0.0,0.0,0.0,0.0,0.0,0.0,64.46787866756806,64.46787866756806
36314,10TH AVE E AND E MERCER ST,47.6242673355147,-122.31988902204,2,3415.0,0.0,0.0,0.0,3415.0,0.0,0.0,0.0,0.0,129.881104489576,129.881104489576
21501,LEARY WAY NW AND NW 45TH ST,47.6614652200373,-122.367158814435,3,3334.0,0.0,0.0,1027.0,640.0,0.0,0.0,0.0,0.0,121.37579218720072,121.37579218720072
234346,28TH AVE NE AND NE 85TH ST,47.6902417077711,-122.297372030568,3,3325.0,0.0,2232.0,0.0,0.0,0.0,0.0,0.0,0.0,148.85416994029302,148.85416994029302
40361,BOREN AVE AND E ALDER ST,47.6043624781858,-122.320572487824,2,3317.0,3317.0,0.0,0.0,0.0,0.0,0.0,0.0,0.0,44.669930966948264,44.669930966948264
6340,26TH AVE NE AND NE 68TH ST,47.6775935359109,-122.299547128686,6,3317.0,0.0,0.0,736.0,926.0,0.0,0.0,0.0,0.0,131.9848005149529,131.9848005149529
40131,HARVARD AVE AND E UNION ST,47.6129869085407,-122.322093466012,2,3316.0,0.0,1218.0,0.0,0.0,0.0,0.0,0.0,2098.0,52.15377730506962,48.98525200698164
54105,38TH AVE SW AND SW HANFORD ST,47.5755908990274,-122.380289839015,2,3136.0,0.0,0.0,1534.0,1602.0,0.0,0.0,0.0,0.0,132.98495265426095,132.76090288553416
54154,42ND AVE SW AND SW CHARLESTOWN ST,47.5701858141855,-122.385554130446,3,3121.0,0.0,0.0,0.0,3121.0,0.0,0.0,0.0,0.0,149.21912617617144,149.21912617617144
4504,DAYTON AVE N AND N 84TH ST,47.6898359333675,-122.352602270341,3,3112.0,1967.0,0.0,0.0,0.0,0.0,0.0,0.0,0.0,136.99519584879306,136.99519584879306
59739,33RD AVE S AND S OREGON E ST,47.562829460467,-122.290980958613,3,3100.0,0.0,0.0,539.0,1011.0,0.0,0.0,0.0,0.0,106.14360963512354,106.14360963512354
15705,22ND WR AVE NE AND NE 54TH ST,47.6679868938572,-122.304442702058,3,3092.0,0.0,0.0,0.0,0.0,1727.0,0.0,0.0,1365.0,88.82678108277486,88.82678108277486
36324,MALDEN AVE E AND E REPUBLICAN ST,47.6231025275136,-122.313630715342,6,3089.0,0.0,0.0,2048.0,360.0,0.0,0.0,0.0,0.0,123.27365505046521,123.27365505046521
76310,21ST AVE SW AND DELRIDGE S WAY SW,47.5232970235617,-122.360490121444,2,3076.0,0.0,3076.0,0.0,0.0,0.0,0.0,0.0,0.0,79.09063996649253,79.09063996649253
52785,HARRIS PL S AND S HANFORD ST,47.5750838214268,-122.302316076334,4,3029.0,0.0,0.0,561.0,1290.0,0.0,0.0,0.0,0.0,124.95394339775261,124.95394339775261
228309,LAKESIDE AVE NE AND NE 112TH ST,47.7109438308662,-122.277241327173,6,3028.0,0.0,0.0,253.0,313.0,0.0,0.0,0.0,0.0,68.01062140147111,68.01062140147111
21505,14TH AVE NW AND NW 45TH ST,47.6614726287085,-122.373597665074,5,3022.0,1497.0,1525.0,0.0,0.0,0.0,0.0,0.0,0.0,132.58919456542947,119.21584588128526
77532,16TH AVE SW AND SW TRENTON ST,47.5247061046943,-122.355082728918,2,3021.0,0.0,0.0,0.0,0.0,0.0,0.0,0.0,0.0,139.90539964651205,139.90539964651205
36123,10TH AVE E AND E PROSPECT ST,47.6286703189971,-122.320212354408,3,3016.0,0.0,0.0,284.0,1224.0,0.0,0.0,0.0,0.0,132.24493527706258,132.24493527706258
36325,14TH AVE E AND E REPUBLICAN ST,47.6231098012138,-122.314653860117,6,2991.0,0.0,0.0,744.0,751.0,0.0,0.0,0.0,0.0,125.6652317817901,125.6652317817901
4113,GREEN LAKE DR N AND STONE AVE N,47.6876567099928,-122.341809618419,3,2988.0,0.0,0.0,0.0,0.0,0.0,0.0,0.0,0.0,131.85145479450438,131.85145479450438
64734,4TH AVE S AND S FRONT ST,47.5480509657636,-122.329584140507,2,2983.0,0.0,0.0,0.0,2983.0,0.0,0.0,0.0,0.0,147.50216661897946,147.50216661897946
6533,22ND AVE NE AND NE 80TH ST,47.6864486213751,-122.304510702636,3,2949.0,0.0,0.0,860.0,615.0,0.0,0.0,0.0,0.0,113.9994561808051,113.9994561808051
34506,14TH AVE W AND W GALER ST,47.6323107209728,-122.37460093597,3,2946.0,0.0,0.0,422.0,1051.0,0.0,0.0,0.0,0.0,129.53887055450122,129.53887055450122
36309,HARVARD AVE E AND E MERCER ST,47.6242707474482,-122.321989576296,2,2943.0,0.0,0.0,2943.0,0.0,0.0,0.0,0.0,0.0,128.62013568865999,128.62013568865999
71306,8TH AVE S AND S MYRTLE ST,47.5394326416248,-122.322591545908,3,2920.0,2139.0,781.0,0.0,0.0,0.0,0.0,0.0,0.0,137.04936286606727,115.66109534736371
4503,FREMONT AVE N AND N 84TH ST,47.6898353984177,-122.349907992819,7,2909.0,1067.0,536.0,0.0,0.0,0.0,0.0,0.0,0.0,135.1195197781522,135.11951977815218
232505,DAYTON AVE N AND N 104TH ST,47.7043511248993,-122.352755235914,3,2905.0,2905.0,0.0,0.0,0.0,0.0,0.0,0.0,0.0,131.62877999726797,131.62877999726797
58142,27TH AVE S AND S DELLA ST,47.5717086510784,-122.297769516779,3,2873.0,0.0,0.0,722.0,714.0,0.0,0.0,0.0,0.0,108.06655393146112,108.06655393146112
5352,BROOKLYN AVE NE AND NE 70TH ST,47.6794397127067,-122.314416716709,6,2860.0,0.0,0.0,673.0,765.0,0.0,0.0,0.0,0.0,149.09836914696092,149.09836914696095
6722,17TH AVE NE AND NE 70TH ST,47.6794213967429,-122.309860740841,5,2788.0,0.0,0.0,287.0,257.0,0.0,0.0,0.0,0.0,131.9920112137229,131.9920112137229
40521,OLIVE WAY AND TERRY AVE,47.6150052714145,-122.331788894032,3,2777.0,1504.0,0.0,0.0,0.0,0.0,1273.0,0.0,0.0,91.87708973250595,91.87708973250595
232318,WOODLAWN AVE N AND N 92ND ST,47.6959697814893,-122.338708910329,3,2766.0,0.0,0.0,650.0,733.0,0.0,0.0,0.0,0.0,135.52487423716528,135.52487423716528
42754,ERIE AVE AND E ALDER ST,47.6038842306248,-122.285529026333,3,2742.0,0.0,0.0,695.0,676.0,0.0,0.0,0.0,0.0,149.17675986474413,149.17675986474413
63104,OHIO AVE S AND S HUDSON ST,47.5574121050381,-122.338090263669,3,2742.0,0.0,0.0,100.0,2642.0,0.0,0.0,0.0,0.0,125.95751751133419,125.95751751133419
306331,RENTON AVE S AND S BANGOR ST,47.506352831603,-122.254536617126,3,2740.0,0.0,0.0,741.0,629.0,0.0,0.0,0.0,0.0,115.5629558697085,115.5629558697085
39854,ELLIOTT WAY AND LENORA ST,47.6106953938814,-122.345389226739,3,2730.0,0.0,0.0,862.0,0.0,1868.0,0.0,0.0,0.0,81.2556284986144,81.2556284986144
230775,28TH AVE NW AND NW 86TH ST,47.6913069481123,-122.392948072142,2,2685.0,0.0,0.0,0.0,0.0,0.0,0.0,0.0,0.0,133.51736700298247,133.51736700298247
37753,21ST AVE E AND E DENNY WAY,47.6184981651822,-122.30476908195,3,2639.0,0.0,0.0,0.0,0.0,0.0,0.0,2082.0,0.0,106.27006641555926,106.27006641555926
59704,38TH AVE S AND S ANDOVER ST,47.5679232127762,-122.285050895269,5,2621.0,0.0,0.0,1177.0,632.0,0.0,0.0,0.0,0.0,134.87945630519098,134.40810023216005
39152,STEWART ST AND WESTLAKE AVE,47.613300608768,-122.337431235186,3,2618.0,780.0,1838.0,0.0,0.0,0.0,0.0,0.0,0.0,118.50587586782686,118.50587586782687
36138,BROADWAY E AND E ALOHA ST,47.6268363624777,-122.321299574913,3,2611.0,0.0,0.0,2611.0,0.0,0.0,0.0,0.0,0.0,132.66069902811773,132.66069902811773
139251,QUEEN ANNE AVE AND WESTERN AVE,47.6182548433525,-122.356759551249,2,2590.0,2590.0,0.0,0.0,0.0,0.0,0.0,0.0,0.0,63.74168181090598,63.74168181090598
6329,34TH AVE NE AND NE 70TH E ST,47.6794153913694,-122.291448623657,4,2496.0,0.0,0.0,2496.0,0.0,0.0,0.0,0.0,0.0,131.592064139252,131.592064139252
220301,15TH AVE NE AND NE 135TH ST,47.7266481258799,-122.312650654524,2,2485.0,0.0,0.0,0.0,2485.0,0.0,0.0,0.0,0.0,24.526409917582676,24.526409917582676
20535,WILLIAMS AVE W AND W ELMORE ST,47.6576664469739,-122.3922621127,3,2464.0,0.0,0.0,615.0,617.0,0.0,0.0,0.0,0.0,149.82873979006388,149.82873979006388
4518,FREMONT AVE N AND N 81ST ST,47.6876628271848,-122.349906708751,9,2456.0,664.0,899.0,0.0,0.0,0.0,0.0,0.0,0.0,131.9987683713196,131.9987683713196
36332,HARVARD AVE E AND E REPUBLICAN ST,47.6231327492111,-122.322007549713,2,2440.0,0.0,0.0,2440.0,0.0,0.0,0.0,0.0,0.0,133.0759908946763,133.0759908946763
45345,31ST WR AVE S AND S JUDKINS ST,47.5921386708793,-122.292822933932,2,2388.0,0.0,0.0,208.0,0.0,0.0,0.0,2180.0,0.0,66.17951121370605,48.477922714331704
13365,STONE AVE N AND N 47TH ST,47.6628653632539,-122.342108038434,3,2362.0,76.0,100.0,0.0,0.0,0.0,0.0,0.0,0.0,129.52772091807594,107.21632012205743
39110,8TH AVE AND BELL ST,47.6180272305496,-122.340494428056,3,2338.0,0.0,0.0,0.0,0.0,461.0,0.0,0.0,708.0,123.66245757506218,123.66245757506219
16511,35TH AVE NE AND NE 60TH ST,47.6721475301795,-122.29023364061,4,2323.0,0.0,0.0,443.0,357.0,0.0,0.0,0.0,0.0,111.76617738699717,111.76617738699717
4528,FREMONT AVE N AND N 79TH ST,47.6862169808266,-122.349900627094,7,2321.0,873.0,468.0,0.0,0.0,0.0,0.0,0.0,0.0,131.2016574762925,131.20165747629247
12348,6TH AVE NW AND NW 50TH E ST,47.6650178883539,-122.363294745294,7,2284.0,105.0,131.0,640.0,149.0,0.0,0.0,0.0,0.0,128.1612294206352,110.25731574445004
235753,38TH AVE NE AND NE 87TH ST,47.6916412821377,-122.287996682288,3,2269.0,560.0,575.0,0.0,0.0,0.0,0.0,0.0,0.0,131.51804363115352,131.51804363115352
22108,INTERLAKE AVE N AND N 45TH ST,47.6613855830016,-122.340662465613,3,2261.0,531.0,599.0,0.0,0.0,0.0,0.0,0.0,0.0,134.9796706612548,134.9796706612548
7744,36TH AVE NE AND NE 68TH ST,47.6775996953423,-122.289254768165,7,2255.0,0.0,0.0,437.0,905.0,0.0,0.0,0.0,0.0,131.82682574678404,131.82682574678404
232502,FREMONT AVE N AND N 104TH ST,47.7043431320235,-122.350065567851,7,2241.0,938.0,365.0,0.0,0.0,0.0,0.0,0.0,0.0,131.61833539576003,131.61833539576003
73654,32ND AVE S AND S WILLOW ST,47.5407163973171,-122.290590110331,3,2240.0,0.0,0.0,0.0,0.0,0.0,563.0,557.0,0.0,121.42801937644602,121.42801937644602
4725,GREENWOOD AVE N AND N 70TH ST,47.6796064883505,-122.355322769821,3,2203.0,0.0,0.0,363.0,621.0,0.0,0.0,0.0,0.0,133.48435220996092,127.39774978621158
3713,MARY AVE NW AND NW 75TH W ST,47.6832407630112,-122.375724427649,3,2196.0,0.0,0.0,0.0,2196.0,0.0,0.0,0.0,0.0,129.51224916274523,129.51224916274523
6330,34TH AVE NE AND NE 70TH W ST,47.6794153607606,-122.291730290816,2,2180.0,0.0,0.0,0.0,0.0,0.0,0.0,0.0,0.0,34.19720089381167,34.19720089381167
6731,17TH AVE NE AND NE 68TH ST,47.6776118964484,-122.309823580749,6,2178.0,0.0,0.0,460.0,634.0,0.0,0.0,0.0,0.0,131.99840720639097,131.99840720639097
30514,YALE TER E AND E ROANOKE ST,47.6431910823622,-122.32651247386,2,2178.0,0.0,0.0,2178.0,0.0,0.0,0.0,0.0,0.0,76.61862678743839,76.61862678743839
77515,13TH AVE SW AND SW THISTLE ST,47.528322620424,-122.35177666069,6,2121.0,0.0,0.0,366.0,692.0,0.0,0.0,0.0,0.0,124.61670115739192,124.61670115739192
73364,46TH AVE S AND S KENYON W ST,47.5315565223554,-122.275309625391,3,2088.0,0.0,0.0,512.0,531.0,0.0,0.0,0.0,0.0,102.6393020607784,102.6393020607784
6511,21ST AVE NE AND NE 82ND ST,47.6885010482197,-122.305675344729,3,2084.0,0.0,0.0,562.0,480.0,0.0,0.0,0.0,0.0,139.97676129109536,139.97676129109536
3311,2ND AVE NW AND NW 73RD ST,47.6817955598953,-122.359443812447,3,2079.0,0.0,0.0,540.0,502.0,0.0,0.0,0.0,0.0,128.2377545595632,128.2377545595632
306311,59TH AVE S AND S RYAN ST,47.5096943393611,-122.259427480067,5,2073.0,0.0,0.0,938.0,0.0,0.0,537.0,598.0,0.0,83.8857223912334,83.8857223912334
66522,RAINIER AVE S AND S HUDSON ST,47.557041119394,-122.284629530794,2,2058.0,0.0,0.0,0.0,2058.0,0.0,0.0,0.0,0.0,143.09597279269346,143.09597279269346
220334,10TH AVE NE AND NE 126TH ST,47.7202323635531,-122.318129632993,3,2051.0,0.0,2051.0,0.0,0.0,0.0,0.0,0.0,0.0,88.87841694985056,88.87841694985055
11128,17TH AVE NW AND NW 58TH ST,47.6709036624282,-122.378882594718,2,2002.0,0.0,1286.0,0.0,0.0,0.0,0.0,0.0,0.0,132.92533698541286,132.92533698541286
11325,RUSSELL AVE NW AND NW DOCK PL,47.6653324518079,-122.379170922395,3,1973.0,0.0,0.0,0.0,0.0,417.0,0.0,0.0,569.0,132.52902050991565,132.52902050991565
72260,31ST AVE S AND S HOLLY ST,47.5426479424081,-122.292764737107,3,1970.0,0.0,0.0,502.0,483.0,0.0,0.0,0.0,0.0,101.15785665277221,101.1578566527722
81751,58TH AVE S AND S ROXBURY E ST,47.5167971323746,-122.260516285628,3,1958.0,0.0,0.0,535.0,444.0,0.0,0.0,0.0,0.0,143.20188407338463,143.20188407338463
37137,28TH AVE E AND E WARD ST,47.6273858002932,-122.296396273548,2,1943.0,861.0,1082.0,0.0,0.0,0.0,0.0,0.0,0.0,143.13783196987694,143.13783196987694
12710,11TH AVE NW AND NW 53RD ST,47.6671567160836,-122.370761668072,4,1942.0,394.0,646.0,0.0,0.0,0.0,0.0,0.0,0.0,133.2572759202766,133.2572759202766
36124,BROADWAY E AND E PROSPECT ST,47.6286677917972,-122.321266813077,3,1934.0,0.0,0.0,422.0,545.0,0.0,0.0,0.0,0.0,129.5068156162281,129.5068156162281
45312,25TH AVE S AND S DEARBORN ST,47.5955662793084,-122.300055409308,3,1931.0,0.0,0.0,416.0,566.0,0.0,0.0,0.0,0.0,137.40477425966012,137.40477425966012
36330,10TH AVE E AND E REPUBLICAN ST,47.6231254990311,-122.319906634759,2,1890.0,0.0,0.0,0.0,1890.0,0.0,0.0,0.0,0.0,125.47819189888877,125.47819189888877
65523,COLUMBIA DR S AND S FERDINAND ST,47.5576527605381,-122.304929632916,3,1884.0,424.0,517.0,0.0,0.0,0.0,0.0,0.0,0.0,148.761479299094,148.761479299094
26334,MAGNOLIA BLVD W AND MONTAVISTA PL W,47.637672550049,-122.407796091427,9,1878.0,0.0,0.0,0.0,0.0,511.0,0.0,0.0,431.0,94.61890846818049,94.61890846818049
232721,LINDEN S AVE N AND N 90TH E ST,47.6941566938892,-122.347195598404,3,1866.0,584.0,349.0,0.0,0.0,0.0,0.0,0.0,0.0,119.39875374584084,119.39875374584084
77715,15TH AVE SW AND SW BARTON ST,47.5210252234967,-122.353984166211,7,1850.0,0.0,0.0,345.0,496.0,0.0,0.0,0.0,0.0,140.9033354242375,140.9033354242375
317523,WOODLEY AVE S AND S 115TH ST,47.4996556251708,-122.242560470827,3,1847.0,0.0,0.0,526.0,398.0,0.0,0.0,0.0,0.0,139.71293501093825,139.71293501093825
36342,14TH AVE E AND E HARRISON ST,47.6219544855733,-122.314672424492,3,1827.0,0.0,0.0,432.0,481.0,0.0,0.0,0.0,0.0,125.64443603705206,125.64443603705206
3315,6TH AVE NW AND NW 73RD ST,47.6817860005327,-122.363333716982,3,1824.0,0.0,0.0,611.0,305.0,0.0,0.0,0.0,0.0,144.15841615841128,144.15841615841128
14145,8TH AVE NE AND NE 57TH ST,47.6700605323922,-122.320099052451,2,1819.0,0.0,0.0,0.0,0.0,0.0,0.0,0.0,0.0,129.87859579442608,129.87859579442608
2129,20TH AVE NW AND NW 77TH ST,47.6850148866513,-122.382171051917,4,1817.0,0.0,0.0,286.0,332.0,0.0,0.0,0.0,0.0,134.44078993461514,132.76155829028087
11126,22ND AVE NW AND NW 58TH ST,47.6709121993107,-122.38474252122,2,1815.0,0.0,1815.0,0.0,0.0,0.0,0.0,0.0,0.0,132.96800596355672,132.96800596355672
72257,29TH AVE S AND S HOLLY ST,47.5426497763271,-122.29581727375,3,1814.0,0.0,0.0,456.0,451.0,0.0,0.0,0.0,0.0,133.48162551449985,133.48162551449985
30503,YALE TER E AND E HAMLIN ST,47.6456243927276,-122.326528747985,2,1794.0,0.0,0.0,1794.0,0.0,0.0,0.0,0.0,0.0,79.568506270394,79.568506270394
6736,RAVENNA AVE NE AND NE 68TH ST,47.6776213459007,-122.303858177406,6,1781.0,0.0,0.0,421.0,469.0,0.0,0.0,0.0,0.0,131.5160582377759,131.51605823777592
11532,28TH AVE NW AND NW MARKET ST,47.6686548495785,-122.392858298259,3,1772.0,1772.0,0.0,0.0,0.0,0.0,0.0,0.0,0.0,36.438037465954125,36.438037465954125
230774,28TH AVE NW AND NW 85TH ST,47.6905721488083,-122.393000336531,2,1757.0,0.0,1757.0,0.0,0.0,0.0,0.0,0.0,0.0,133.6706626678705,133.6706626678705
71518,5TH AVE S AND S RIVER ST,47.5437189852204,-122.328392830275,3,1754.0,0.0,0.0,357.0,520.0,0.0,0.0,0.0,0.0,140.0809900499848,140.0809900499848
7328,45TH AVE NE AND NE 70TH ST,47.6794130673047,-122.279643083948,2,1754.0,0.0,543.0,1211.0,0.0,0.0,0.0,0.0,0.0,114.97327466801957,97.4674403835429
64321,12TH AVE S AND S VALE ST,47.5491703146005,-122.317312384893,2,1751.0,634.0,0.0,0.0,1117.0,0.0,0.0,0.0,0.0,87.85497944349723,70.29140671341956
6342,28TH AVE NE AND NE 68TH ST,47.677594933404,-122.297380369383,4,1741.0,0.0,0.0,309.0,396.0,0.0,0.0,0.0,0.0,131.49532354614465,131.00270482849984
228744,42ND AVE NE AND NE 105TH ST,47.70468740285,-122.282777033908,3,1726.0,0.0,0.0,441.0,422.0,0.0,0.0,0.0,0.0,110.0470054302592,110.0470054302592
55308,26TH AVE SW AND SW ANDOVER ST,47.5683443660618,-122.365428937139,3,1724.0,382.0,480.0,0.0,0.0,0.0,0.0,0.0,0.0,131.55917230165588,131.55917230165588
73367,49TH AVE S AND S KENYON ST,47.5315734919257,-122.2717982825,3,1696.0,0.0,0.0,460.0,389.0,0.0,0.0,0.0,0.0,119.51634929067517,119.51634929067517
3330,5TH AVE NW AND NW 70TH ST,47.6795567735134,-122.362498396421,3,1683.0,0.0,0.0,356.0,498.0,0.0,0.0,0.0,0.0,115.1500723081155,115.1500723081155
301708,34TH AVE SW AND SW 104TH W ST,47.509986802803,-122.374769826997,4,1666.0,0.0,0.0,207.0,243.0,0.0,0.0,0.0,0.0,135.42303103091186,135.42303103091186
219165,ASHWORTH AVE N AND N 136TH ST,47.7279738799353,-122.339622061217,3,1659.0,389.0,434.0,0.0,0.0,0.0,0.0,0.0,0.0,127.41058911403596,127.41058911403597
45748,23RD AVE S AND S JUDKINS ST,47.5918931218687,-122.302500168279,2,1650.0,0.0,0.0,0.0,1650.0,0.0,0.0,0.0,0.0,148.58937195867696,148.58937195867696
16512,36TH AVE NE AND NE 60TH ST,47.6721476764889,-122.289121519226,4,1644.0,0.0,0.0,239.0,210.0,0.0,0.0,0.0,0.0,136.99874512223207,136.99874512223207
56506,11TH AVE SW AND SW SPOKANE NR ST,47.5716539416143,-122.349242896237,4,1639.0,0.0,1639.0,0.0,0.0,0.0,0.0,0.0,0.0,82.39489320555666,82.39489320555666
77716,14TH AVE SW AND SW BARTON ST,47.521017681029,-122.352843721614,4,1632.0,0.0,0.0,247.0,283.0,0.0,0.0,0.0,0.0,140.90297001003663,140.90297001003663
51705,1ST AVE S AND S STACY ST,47.5818951934695,-122.334199809059,2,1578.0,0.0,0.0,0.0,1578.0,0.0,0.0,0.0,0.0,114.61091227417677,114.61091227417677
12722,11TH AVE NW AND NW 51ST ST,47.6656976247475,-122.370763665944,3,1567.0,1173.0,394.0,0.0,0.0,0.0,0.0,0.0,0.0,132.85615192121918,132.85615192121918
232512,LINDEN AVE N AND N 102ND ST,47.7028864606709,-122.347357660825,3,1559.0,469.0,311.0,0.0,0.0,0.0,0.0,0.0,0.0,131.6079616346964,131.6079616346964
37735,18TH AVE E AND E JOHN ST,47.6196689600248,-122.308750336169,4,1535.0,228.0,229.0,0.0,0.0,0.0,0.0,0.0,0.0,149.5130624539827,149.5130624539827
64111,13TH AVE S AND S ANGELINE ST,47.5601855170007,-122.316081679741,2,1525.0,0.0,0.0,0.0,0.0,0.0,0.0,0.0,0.0,138.046490449466,138.046490449466
37715,22ND AVE E AND E REPUBLICAN ST,47.6231893660113,-122.303570000994,4,1513.0,0.0,0.0,499.0,376.0,0.0,0.0,0.0,0.0,137.77725876040859,137.77725876040859
66329,44TH AVE S AND S JUNEAU ST,47.5497023521024,-122.278127160706,4,1512.0,0.0,0.0,246.0,213.0,0.0,0.0,0.0,0.0,122.06277177118915,122.06277177118915
57733,7TH AVE S AND S ALASKA ST,47.5612107529393,-122.324268667831,3,1509.0,0.0,0.0,378.0,386.0,0.0,0.0,0.0,0.0,140.1047019229095,140.1047019229095
22107,INTERLAKE AVE N AND N ALLEN PL,47.6606726871055,-122.340671768606,3,1498.0,127.0,621.0,0.0,0.0,0.0,0.0,0.0,0.0,129.526868302983,129.526868302983
47328,59TH AVE SW AND SW LANDER ST,47.5794856069608,-122.408026143161,3,1496.0,0.0,0.0,292.0,428.0,0.0,0.0,0.0,0.0,117.97911075806095,117.97911075806094
2318,18TH AVE NW AND NW 73RD ST,47.6813308695747,-122.379994668028,3,1492.0,0.0,0.0,359.0,387.0,0.0,0.0,0.0,0.0,131.04024736041862,131.04024736041862
82043,RAVENNA PL NE AND NE 54TH ST,47.6679763878732,-122.30277865978,5,1488.0,0.0,0.0,370.0,607.0,0.0,0.0,0.0,0.0,109.99852409198901,109.99852409198903
73858,CHICAGO CT S AND S HOLDEN ST,47.5333486150955,-122.28279245369,6,1484.0,0.0,0.0,569.0,173.0,0.0,0.0,0.0,0.0,92.41963369110601,92.41963369110601
5115,15TH AVE NE AND NE 82ND ST,47.6885081563106,-122.31219326244,3,1468.0,0.0,0.0,376.0,358.0,0.0,0.0,0.0,0.0,134.26970090507706,134.26970090507706
52571,22ND AVE S AND S COLLEGE ST,47.5829507170683,-122.304257584384,3,1453.0,45.0,682.0,0.0,0.0,0.0,0.0,0.0,0.0,129.7900066652299,129.7900066652299
70701,12TH AVE SW AND SW MYRTLE ST,47.5390903710481,-122.350411095754,6,1451.0,0.0,0.0,273.0,452.0,0.0,0.0,0.0,0.0,138.1859052658284,138.1859052658284
219132,AURORA AVE N AND N 143RD ST,47.7323096603213,-122.345077067432,2,1444.0,0.0,0.0,0.0,1444.0,0.0,0.0,0.0,0.0,134.0130231458515,134.0130231458515
37149,26TH AVE E AND E ROY ST,47.6251690888249,-122.298759954783,2,1442.0,0.0,0.0,0.0,0.0,0.0,0.0,0.0,0.0,135.9644956874351,134.10066235774684
66712,RENTON AVE S AND S FINDLAY ST,47.5519695011316,-122.285267313251,9,1432.0,280.0,462.0,0.0,0.0,0.0,0.0,0.0,0.0,138.29119448477985,138.29119448477985
11326,LEARY AVE NW AND NW DOCK PL,47.6648785654121,-122.380016127772,3,1424.0,0.0,0.0,0.0,0.0,267.0,0.0,0.0,445.0,133.3901344943303,133.3901344943303
68559,44TH AVE SW AND SW MYRTLE ST,47.5398783476912,-122.388538724648,3,1423.0,0.0,0.0,366.0,346.0,0.0,0.0,0.0,0.0,111.33160985245118,111.3316098524512
21140,8TH AVE NW AND NW 43RD S ST,47.6589390020508,-122.366111996884,2,1419.0,0.0,0.0,0.0,0.0,0.0,0.0,0.0,0.0,68.21476222008145,68.21476222008145
39458,POST AL AND STEWART ST,47.6099314549312,-122.341771943844,2,1410.0,0.0,0.0,780.0,0.0,630.0,0.0,0.0,0.0,81.92920993613262,81.92920993613262
30710,YALE AVE E AND E NEWTON ST,47.6367661185827,-122.327116998805,3,1403.0,0.0,0.0,412.0,292.0,0.0,0.0,0.0,0.0,149.65840277705982,149.65840277705982
235751,40TH AVE NE AND NE 86TH ST,47.6909088066004,-122.285330376731,3,1398.0,373.0,329.0,0.0,0.0,0.0,0.0,0.0,0.0,131.51322680838703,131.51322680838703
43301,1ST AVE S AND S DEARBORN ST,47.5964686658886,-122.33419227817,3,1388.0,498.0,196.0,0.0,0.0,0.0,0.0,0.0,0.0,147.22090913215797,147.22090913215797
45256,30TH AVE S AND S MAIN ST,47.6002621741679,-122.293781910484,3,1382.0,337.0,354.0,0.0,0.0,0.0,0.0,0.0,0.0,109.47799264491556,109.47799264491556
44535,2ND AV ET S AND S MAIN ST,47.5999913145081,-122.330342448388,2,1382.0,0.0,1382.0,0.0,0.0,0.0,0.0,0.0,0.0,144.79411814391867,144.79411814391867
234347,30TH AVE NE AND NE 86TH ST,47.6909427996239,-122.296066910793,3,1348.0,309.0,365.0,0.0,0.0,0.0,0.0,0.0,0.0,131.04549525820713,131.04549525820713
232722,LINDEN AVE N AND N 91ST ST,47.6949180955631,-122.34726856063,3,1342.0,383.0,288.0,0.0,0.0,0.0,0.0,0.0,0.0,124.68258625285165,124.68258625285165
25518,43RD AVE NE AND NE 43RD ST,47.6598679341635,-122.281388147781,2,1329.0,452.0,877.0,0.0,0.0,0.0,0.0,0.0,0.0,129.9998447269626,129.9998447269626
306131,66TH AVE S AND WATERS WR AVE S,47.5111956040588,-122.251169896083,2,1318.0,0.0,0.0,0.0,0.0,0.0,472.0,0.0,0.0,86.30117949603212,86.30117949603212
31703,22ND AVE E AND E LYNN ST,47.639536430992,-122.303806732806,4,1281.0,276.0,134.0,0.0,0.0,0.0,0.0,0.0,0.0,132.99719936499704,132.99719936499704
7529,36TH AVE NE AND NE 77TH ST,47.6848565672692,-122.289482906177,4,1277.0,183.0,201.0,0.0,0.0,0.0,0.0,0.0,0.0,129.98916232389553,129.98916232389553
44522,2ND AVE S AND S WASHINGTON ST,47.6008792514942,-122.33157173056,2,1271.0,0.0,0.0,1271.0,0.0,0.0,0.0,0.0,0.0,43.52685164170166,43.52685164170166
35575,1ST AVE N AND ROY ST,47.6254522816717,-122.355396910682,4,1260.0,916.0,344.0,0.0,0.0,0.0,0.0,0.0,0.0,145.12143820943538,145.12143820943538
301512,34TH AVE SW AND SW 100TH ST,47.5137238173266,-122.375276523966,2,1252.0,0.0,0.0,0.0,1252.0,0.0,0.0,0.0,0.0,135.0731617585544,135.0731617585544
28716,14TH AVE W AND W NEWTON ST,47.6367213153945,-122.374992981447,2,1248.0,0.0,0.0,0.0,1248.0,0.0,0.0,0.0,0.0,141.01318820935793,141.01318820935793
57349,S COLUMBIAN WAY AND S OREGON W ST,47.5635041594328,-122.313086569536,3,1240.0,0.0,0.0,0.0,1240.0,0.0,0.0,0.0,0.0,52.432927178059074,52.43292717805908
66714,39TH AVE S AND S ORCAS ST,47.5512179527689,-122.283443053579,2,1230.0,0.0,1230.0,0.0,0.0,0.0,0.0,0.0,0.0,136.25377612026148,136.25377612026148
67732,OAKHURST RD S AND SEWARD PARK N AVE S,47.5505095672415,-122.261649150964,2,1223.0,0.0,0.0,0.0,0.0,0.0,641.0,582.0,0.0,126.00391954872566,126.00391954872566
2320,20TH AVE NW AND NW 73RD ST,47.6813251051839,-122.382149396869,3,1210.0,0.0,0.0,283.0,322.0,0.0,0.0,0.0,0.0,133.41034908353546,133.41034908353546
3101,1ST AVE NW AND NW 84TH ST,47.6898356477909,-122.357977173255,2,1209.0,1209.0,0.0,0.0,0.0,0.0,0.0,0.0,0.0,141.29038346442945,141.29038346442945
66717,37TH AVE S AND S ORCAS ST,47.5512253104384,-122.286264684656,3,1207.0,136.0,383.0,0.0,0.0,0.0,0.0,0.0,0.0,135.45796677815844,135.45796677815844
59716,36TH AVE S AND S DAKOTA ST,47.5661557129948,-122.287557327347,3,1179.0,0.0,0.0,307.0,283.0,0.0,0.0,0.0,0.0,105.05185688037523,105.05185688037523
13727,PHINNEY WR AVE N AND N 50TH ST,47.6650210050162,-122.354437054831,3,1166.0,0.0,0.0,428.0,0.0,738.0,0.0,0.0,0.0,27.171022176980816,27.171022176980816
74721,WOLCOTT AVE S AND S KENYON ST,47.5316646056255,-122.268798241483,3,1151.0,0.0,0.0,282.0,293.0,0.0,0.0,0.0,0.0,146.7447016056325,146.7447016056325
65301,31ST AVE S AND S BRANDON ST,47.5534857669227,-122.292674936657,3,1150.0,0.0,0.0,249.0,326.0,0.0,0.0,0.0,0.0,137.51704055977527,137.51704055977527
64316,PADILLA PL S AND S ORCAS ST,47.5504886092986,-122.322988849704,6,1135.0,0.0,0.0,0.0,0.0,385.0,0.0,0.0,183.0,145.38930582371788,145.38930582371788
2306,20TH AVE NW AND NW 75TH ST,47.6832007747912,-122.382163796344,3,1126.0,0.0,0.0,303.0,260.0,0.0,0.0,0.0,0.0,132.06561794517253,132.06561794517253
22126,DENSMORE AVE N AND N 43RD ST,47.6591585459249,-122.337402714534,10,1115.0,0.0,0.0,281.0,354.0,0.0,0.0,0.0,0.0,146.69351588562566,146.69351588562566
6732,18TH AVE NE AND NE 68TH ST,47.6776225709144,-122.308751831645,3,1109.0,0.0,0.0,221.0,333.0,0.0,0.0,0.0,0.0,131.50934280938384,131.50934280938384
13738,WOODLAND PARK AVE N AND N 48TH ST,47.6635783393797,-122.344534763142,3,1088.0,216.0,333.0,0.0,0.0,0.0,0.0,0.0,0.0,129.53120023055124,129.53120023055124
10142,32ND AVE NW AND NW 58TH ST,47.6709291346097,-122.398328913441,6,1069.0,0.0,0.0,259.0,276.0,0.0,0.0,0.0,0.0,131.186218241155,131.186218241155
16721,SAND POINT WAY NE AND NE 50TH ST,47.6648895528446,-122.282835033505,2,1066.0,0.0,0.0,522.0,544.0,0.0,0.0,0.0,0.0,109.62101500629605,95.26791411477575
14507,1ST AVE NE AND NE 64TH ST,47.6751666035864,-122.328166878538,2,1055.0,1055.0,0.0,0.0,0.0,0.0,0.0,0.0,0.0,139.56901344089826,139.56901344089826
81515,RAINIER AVE S AND S ROSE S ST,47.5290989342154,-122.269986055698,3,1047.0,0.0,0.0,296.0,246.0,0.0,0.0,0.0,0.0,63.62744367908368,63.62744367908368
224327,3RD AVE NW AND NW 110TH ST,47.7087426457953,-122.360815909085,2,1043.0,0.0,0.0,408.0,0.0,0.0,0.0,0.0,0.0,129.50472450017827,129.50472450017827
58160,RENTON AVE S AND S BRADFORD PL,47.5685986975288,-122.294664500098,3,1040.0,0.0,0.0,0.0,0.0,0.0,374.0,146.0,0.0,114.44226501747883,114.44226501747885
28738,14TH AVE W AND W GARFIELD ST,47.6335047972233,-122.375164920594,4,1039.0,0.0,0.0,124.0,535.0,0.0,0.0,0.0,0.0,126.53647338537904,126.53647338537904
966,RENTON AVE S AND S ADAMS ST,47.5651628455588,-122.292652904802,3,1026.0,273.0,240.0,0.0,0.0,0.0,0.0,0.0,0.0,134.6310711792665,134.6310711792665
12733,9TH AVE NW AND NW 49TH ST,47.6643840894312,-122.368610262462,2,1022.0,0.0,374.0,0.0,0.0,0.0,0.0,0.0,0.0,119.06237342082903,119.06237342082903
80355,50TH AVE S AND S ROXBURY ST,47.5168567012665,-122.271093498331,3,1016.0,0.0,0.0,230.0,278.0,0.0,0.0,0.0,0.0,131.55258645175053,131.55258645175053
6126,32ND AVE NE AND NE 80TH ST,47.6866772837628,-122.293814108343,3,1006.0,0.0,0.0,234.0,269.0,0.0,0.0,0.0,0.0,131.54867980147606,131.54867980147606
80524,39TH AVE S AND S THISTLE ST,47.5278704797551,-122.283668049683,3,998.0,0.0,0.0,202.0,300.0,0.0,0.0,0.0,0.0,141.36674686349318,141.36674686349318
228746,ALTON AVE NE AND NE 105TH ST,47.7046651747647,-122.280937693607,3,994.0,0.0,0.0,0.0,0.0,0.0,263.0,234.0,0.0,110.99553164897837,110.99553164897837
35673,HIGHLAND DR AND HIGHLAND UPPER DR,47.629568654078,-122.355898156098,2,990.0,0.0,0.0,0.0,990.0,0.0,0.0,0.0,0.0,89.25200643261263,89.25200643261263
6346,32ND AVE NE AND NE 68TH ST,47.6775981423048,-122.293032563834,3,988.0,0.0,0.0,277.0,217.0,0.0,0.0,0.0,0.0,129.97372873616504,129.97372873616504
70721,11TH AVE SW AND SW AUSTIN ST,47.534807114697,-122.349255526084,6,975.0,347.0,140.0,0.0,0.0,0.0,0.0,0.0,0.0,125.99769355632746,125.99769355632746
65711,16TH AVE S AND S LUCILE ST,47.5534379273753,-122.312298994285,2,975.0,0.0,0.0,0.0,975.0,0.0,0.0,0.0,0.0,144.9406112872533,144.9406112872533
28728,14TH AVE W AND W HOWE ST,47.6359534501618,-122.374990013723,2,972.0,0.0,0.0,0.0,972.0,0.0,0.0,0.0,0.0,141.0028674842098,141.0028674842098
41754,18TH AVE AND E SPRUCE ST,47.6035159315262,-122.308964735128,3,971.0,246.0,239.0,0.0,0.0,0.0,0.0,0.0,0.0,147.51091071348415,147.51091071348415
51714,OCCIDENTAL AVE S AND S FOREST ST,47.577727092091,-122.333270655516,2,959.0,0.0,0.0,0.0,959.0,0.0,0.0,0.0,0.0,114.92840912379336,114.92840912379336
13351,DENSMORE AVE N AND N 48TH ST,47.6635800657253,-122.337676047648,2,950.0,0.0,0.0,0.0,0.0,0.0,0.0,0.0,0.0,129.99314996538467,129.75917547900542
57345,CORSON AVE S AND S SNOQUALMIE ST,47.5616945363903,-122.316854908351,2,947.0,0.0,0.0,350.0,0.0,0.0,0.0,0.0,0.0,96.65634994682678,96.65634994682678
80522,37TH AVE S AND S THISTLE ST,47.5278788925553,-122.285956817465,3,939.0,0.0,0.0,185.0,287.0,0.0,0.0,0.0,0.0,141.36610894709895,141.36610894709895
13702,GREENWOOD AVE N AND N 55TH S ST,47.668431180825,-122.355384527637,2,923.0,0.0,0.0,923.0,0.0,0.0,0.0,0.0,0.0,119.52238747138819,119.52238747138819
66543,32ND AVE S AND S BENNETT ST,47.554555182906,-122.29155526565,3,905.0,255.0,197.0,0.0,0.0,0.0,0.0,0.0,0.0,134.77410862518008,134.77410862518008
23518,THACKERAY PL NE AND NE 44TH ST,47.6602176917195,-122.326195471533,9,905.0,0.0,0.0,290.0,162.0,0.0,0.0,0.0,0.0,131.98266376296723,131.98266376296723
35714,5TH AVE N AND HARRISON ST,47.6220749354742,-122.347591849336,2,903.0,0.0,0.0,903.0,0.0,0.0,0.0,0.0,0.0,140.25062748410957,140.25062748410957
3122,1ST AVE NW AND NW 78TH ST,47.6854737702195,-122.35797511727,6,892.0,222.0,225.0,0.0,0.0,0.0,0.0,0.0,0.0,132.7446461309981,132.74464613099806
13343,STONE AVE N AND N 49TH ST,47.6642911794,-122.342090978218,6,885.0,402.0,245.0,0.0,0.0,0.0,0.0,0.0,0.0,135.61134300109595,135.61134300109595
3108,1ST AVE NW AND NW 82ND ST,47.6883880942989,-122.357975158044,3,885.0,259.0,184.0,0.0,0.0,0.0,0.0,0.0,0.0,131.50577294677987,131.50577294677987
58461,29TH AVE S AND S GENESEE S ST,47.5631407276433,-122.296235104319,3,884.0,0.0,0.0,0.0,0.0,0.0,178.0,264.0,0.0,142.37374854324614,142.37374854324614
58474,31ST AVE S AND S NEVADA ST,47.5650099004816,-122.293861536478,5,873.0,249.0,332.0,0.0,0.0,0.0,0.0,0.0,0.0,128.030033389338,128.030033389338
25512,36TH AVE NE AND NE 44TH ST,47.6605364609881,-122.289229549599,2,870.0,870.0,0.0,0.0,0.0,0.0,0.0,0.0,0.0,111.99607805709125,111.99607805709125
66347,44TH AVE S AND S RAYMOND ST,47.5481837701265,-122.278138195664,2,865.0,0.0,0.0,0.0,0.0,0.0,0.0,0.0,0.0,138.49971211962827,138.49971211962827
22709,PHINNEY AVE N AND N 39TH ST,47.6541519676868,-122.354465773224,2,848.0,0.0,848.0,0.0,0.0,0.0,0.0,0.0,0.0,86.3047012128499,86.3047012128499
80521,36TH AVE S AND S THISTLE ST,47.5278809030026,-122.286612536571,3,846.0,0.0,0.0,196.0,229.0,0.0,0.0,0.0,0.0,80.50410185599188,80.50410185599188
80656,BEACON ER AVE S AND S THISTLE ST,47.5278842399883,-122.287748862695,3,841.0,0.0,0.0,199.0,224.0,0.0,0.0,0.0,0.0,140.3606037961232,140.3606037961232
30722,EASTLAKE AVE E AND E GARFIELD ST,47.6338596194986,-122.325587092697,2,818.0,0.0,0.0,0.0,818.0,0.0,0.0,0.0,0.0,134.645978554223,134.645978554223
19730,W DRAVUS ST AND WEST VIEWMONT WAY W,47.6486278576265,-122.409563649123,2,805.0,0.0,0.0,384.0,421.0,0.0,0.0,0.0,0.0,145.59766704574767,113.20136818287654
51719,1ST AVE S AND S HANFORD ST,47.5755755737846,-122.334203026621,2,803.0,0.0,0.0,0.0,803.0,0.0,0.0,0.0,0.0,114.50266256564942,114.50266256564942
52773,16TH AVE S AND S HANFORD W ST,47.575087477539,-122.312408930966,3,783.0,0.0,0.0,173.0,218.0,0.0,0.0,0.0,0.0,119.84960741098598,119.84960741098598
12123,5TH AVE NW AND NW 62ND ST,47.6741721625903,-122.362940563345,3,777.0,0.0,0.0,147.0,243.0,0.0,0.0,0.0,0.0,131.01179351778885,131.01179351778885
48515,BONAIR DR SW AND SW MASSACHUSETTS ST,47.5881409851164,-122.392347028689,3,775.0,0.0,0.0,187.0,200.0,0.0,0.0,0.0,0.0,84.37796337968355,84.37796337968355
81529,53RD AVE S AND GRATTAN PL S,47.5263109268868,-122.266474777284,5,768.0,82.0,83.0,0.0,0.0,0.0,0.0,0.0,0.0,89.15161451101778,89.15161451101778
72262,30TH AVE S AND S HOLLY PL,47.5418301455355,-122.293606863701,3,766.0,173.0,210.0,0.0,0.0,0.0,0.0,0.0,0.0,148.85575349533588,148.85575349533588
72138,MARS AVE S AND S WILLOW ST,47.5409182644801,-122.300973673544,3,759.0,0.0,0.0,273.0,107.0,0.0,0.0,0.0,0.0,125.4773539266916,125.4773539266916
52784,23RD AVE S AND S HANFORD ST,47.5750829759499,-122.303328529661,2,749.0,0.0,0.0,749.0,0.0,0.0,0.0,0.0,0.0,124.99638548893621,124.99638548893621
64109,12TH AVE S AND S ANGELINE ST,47.5601878716758,-122.317133827323,3,737.0,0.0,0.0,187.0,185.0,0.0,0.0,0.0,0.0,129.89658390412097,129.89658390412097
21305,LEARY WAY NW AND NW 39TH ST,47.6541458640742,-122.36006316277,2,729.0,0.0,0.0,729.0,0.0,0.0,0.0,0.0,0.0,95.0146216072979,95.0146216072979
66703,RENTON AVE S AND S LUCILE ST,47.5527034311442,-122.285664082375,3,725.0,0.0,0.0,0.0,0.0,0.0,180.0,183.0,0.0,146.84357725495,146.84357725495
12351,6TH AVE NW AND NW 48TH ST,47.6636535852721,-122.363998857238,6,713.0,136.0,221.0,0.0,0.0,0.0,0.0,0.0,0.0,132.5067121962125,132.50671219621248
70739,13TH AVE SW AND SW KENYON ST,47.5318950703006,-122.351694379953,6,701.0,0.0,0.0,126.0,224.0,0.0,0.0,0.0,0.0,132.50858992639536,132.5085899263954
52525,20TH AVE S AND S GRAND W ST,47.5869156938125,-122.306961396025,3,656.0,0.0,0.0,164.0,164.0,0.0,0.0,0.0,0.0,88.57541201518448,88.57541201518448
5740,WOODLAWN AVE N AND N 66TH ST,47.6772329589683,-122.331014200481,3,652.0,0.0,0.0,106.0,220.0,0.0,0.0,0.0,0.0,145.82213908019395,145.82213908019395
71302,ELLIS AVE S AND S MYRTLE ST,47.5394319336443,-122.320382728207,2,647.0,0.0,0.0,0.0,647.0,0.0,0.0,0.0,0.0,148.02455763186646,148.02455763186646
52515,VALENTINE PL S AND S STATE ST,47.5877379617169,-122.307306056169,3,644.0,188.0,134.0,0.0,0.0,0.0,0.0,0.0,0.0,123.96955432396781,123.96955432396781
80117,48TH AVE S AND S ROSE ST,47.529106375272,-122.272739289554,3,626.0,0.0,0.0,148.0,165.0,0.0,0.0,0.0,0.0,119.59186571600155,119.59186571600155
6508,18TH AVE NE AND NE 82ND ST,47.6884966928652,-122.308964642385,3,621.0,0.0,0.0,198.0,113.0,0.0,0.0,0.0,0.0,132.47205643327848,132.47205643327848
7745,37TH AVE NE AND NE 68TH ST,47.6776001049137,-122.288184273515,3,611.0,0.0,0.0,150.0,156.0,0.0,0.0,0.0,0.0,134.59695912809224,134.59695912809224
37151,27TH AVE E AND E ROY ST,47.6251598566211,-122.297683498368,3,605.0,0.0,0.0,426.0,179.0,0.0,0.0,0.0,0.0,142.58500693906404,142.58500693906404
37351,25TH AVE E AND E JOHN ST,47.6201957670836,-122.299873533728,2,588.0,265.0,0.0,0.0,0.0,0.0,0.0,0.0,0.0,142.12669761977477,142.12669761977477
45541,18TH AVE S AND S JACKSON ST,47.599238970534,-122.30896784544,3,580.0,236.0,54.0,0.0,0.0,0.0,0.0,0.0,0.0,80.57925309528363,80.57925309528363
52355,MCCLINTOCK AVE S AND S HANFORD ST,47.5754528609953,-122.292991734341,3,569.0,0.0,0.0,0.0,0.0,0.0,112.0,172.0,0.0,143.0020482972173,143.0020482972173
78711,7TH AVE S AND S HENDERSON ST,47.5230738514889,-122.325643865849,3,565.0,143.0,139.0,0.0,0.0,0.0,0.0,0.0,0.0,147.0128816556883,147.0128816556883
12158,5TH AVE NW AND NW 56TH ST,47.6694255237567,-122.362936898465,3,564.0,0.0,0.0,163.0,119.0,0.0,0.0,0.0,0.0,132.99052911482912,132.99052911482912
13339,MIDVALE AVE N AND N 48TH ST,47.6635783225846,-122.343753310022,5,554.0,181.0,181.0,0.0,0.0,0.0,0.0,0.0,0.0,129.53071872122598,129.53071872122598
73515,38TH AVE S AND S HOLLY ST,47.5424611148142,-122.284794802558,2,552.0,0.0,0.0,329.0,223.0,0.0,0.0,0.0,0.0,108.1003063706987,108.1003063706987
12704,11TH AVE NW AND NW MARKET ST,47.6686619185037,-122.370759610335,2,547.0,230.0,317.0,0.0,0.0,0.0,0.0,0.0,0.0,141.0043136308935,141.0043136308935
66727,RENTON AVE S AND S MEAD ST,47.5504745942894,-122.284852902949,2,545.0,0.0,0.0,0.0,0.0,0.0,0.0,0.0,0.0,138.4689503309739,138.4689503309739
13530,GREENWOOD AVE N AND N 60TH ST,47.6724408372511,-122.355355766602,2,543.0,0.0,0.0,543.0,0.0,0.0,0.0,0.0,0.0,116.25966898994926,116.25966898994926
73340,44TH AVE S AND S WEBSTER ST,47.5352198139703,-122.277636805624,3,528.0,0.0,0.0,141.0,123.0,0.0,0.0,0.0,0.0,130.39772750226754,130.39772750226754
224302,1ST AVE NW AND NW 115TH ST,47.7123535493439,-122.358187717428,4,523.0,87.0,87.0,0.0,0.0,0.0,0.0,0.0,0.0,89.51753176213073,89.51753176213073
37106,25TH AVE E AND E GALER ST,47.6322710480239,-122.300288717859,2,510.0,0.0,0.0,29.0,481.0,0.0,0.0,0.0,0.0,80.01831098328394,80.01831098328394
12336,6TH AVE NW AND NW 52ND ST,47.6664526838846,-122.363290410446,3,508.0,114.0,140.0,0.0,0.0,0.0,0.0,0.0,0.0,132.56303616452254,132.56303616452254
65325,28TH AVE S AND S JUNEAU ST,47.5499352538761,-122.296881385778,3,498.0,0.0,0.0,124.0,125.0,0.0,0.0,0.0,0.0,98.07793105907452,98.07793105907452
13705,GREENWOOD AVE N AND N 53RD ST,47.667074273753,-122.355394998777,3,494.0,0.0,0.0,287.0,207.0,0.0,0.0,0.0,0.0,119.52246398322352,119.52246398322352
13366,MIDVALE AVE N AND N 47TH ST,47.6628651729283,-122.343761418583,3,494.0,147.0,100.0,0.0,0.0,0.0,0.0,0.0,0.0,79.18542790963734,79.18542790963734
14728,SUNNYSIDE AVE N AND N 50TH ST,47.6650173983171,-122.330582909948,2,481.0,0.0,481.0,0.0,0.0,0.0,0.0,0.0,0.0,143.09245782590216,143.09245782590216
70712,13TH AVE SW AND SW WEBSTER ST,47.5354960811575,-122.351666110622,3,475.0,0.0,0.0,94.0,145.0,0.0,0.0,0.0,0.0,137.50668635858645,137.50668635858645
38544,32ND AVE E AND E MADISON ST,47.6270397830307,-122.290929391552,2,449.0,0.0,203.0,0.0,0.0,0.0,0.0,0.0,0.0,78.45493717950323,78.45493717950323
2104,18TH AVE NW AND NW 83RD ST,47.6887264306555,-122.380021365857,3,448.0,0.0,0.0,118.0,106.0,0.0,0.0,0.0,0.0,131.54000444614826,131.54000444614826
12142,6TH AVE NW AND NW 58TH ST,47.6708867288993,-122.364012262357,3,440.0,0.0,0.0,114.0,106.0,0.0,0.0,0.0,0.0,132.50581745560487,132.50581745560487
44152,RAINIER AVE S AND S WELLER ST,47.5974916350133,-122.312759952432,2,430.0,0.0,0.0,0.0,430.0,0.0,0.0,0.0,0.0,144.6550829712855,144.6550829712855
13341,STONE AVE N AND N 48TH ST,47.6635782681518,-122.342099510428,3,419.0,82.0,127.0,0.0,0.0,0.0,0.0,0.0,0.0,99.59927053238917,99.59927053238918
52122,25TH AVE S AND S GRAND ST,47.5869046446301,-122.300247259055,3,366.0,0.0,0.0,83.0,99.0,0.0,0.0,0.0,0.0,144.73555390718775,144.73555390718775
28524,9TH AVE W AND W ARMOUR ST,47.645033078508,-122.369388294133,2,365.0,365.0,0.0,0.0,0.0,0.0,0.0,0.0,0.0,149.6468795217928,149.6468795217928
27521,32ND AVE W AND W RAYE ST,47.6431910172243,-122.398299856475,3,362.0,0.0,0.0,362.0,0.0,0.0,0.0,0.0,0.0,82.56191093613067,82.56191093613067
220326,8TH AVE NE AND NE 128TH ST,47.7223550732467,-122.320844140188,3,346.0,82.0,91.0,0.0,0.0,0.0,0.0,0.0,0.0,135.3825816771886,135.3825816771886
52352,27TH AVE S AND S HANFORD ST,47.575081841569,-122.298266316671,2,336.0,158.0,178.0,0.0,0.0,0.0,0.0,0.0,0.0,145.99291142366167,145.99291142366167
81311,WATERS AVE S AND S REDWING ST,47.5172973139726,-122.25899521965,3,326.0,53.0,110.0,0.0,0.0,0.0,0.0,0.0,0.0,97.61735518619831,97.61735518619831
36146,13TH AVE E AND E ROY ST,47.6253383733292,-122.315743556771,9,287.0,0.0,0.0,73.0,71.0,0.0,0.0,0.0,0.0,133.36088788859294,133.36088788859294
234350,32ND AVE NE AND NE 86TH ST,47.6909231110752,-122.293391673619,3,278.0,72.0,67.0,0.0,0.0,0.0,0.0,0.0,0.0,130.69042677690126,130.69042677690126
22313,ALBION PL N AND N 38TH ST,47.6527196548889,-122.344721814938,2,266.0,0.0,9.0,0.0,257.0,0.0,0.0,0.0,0.0,124.67608334791824,106.63639819360614
13757,GREEN LAKE WAY N AND N 46TH ST,47.6621273423355,-122.346088801931,2,250.0,83.0,167.0,0.0,0.0,0.0,0.0,0.0,0.0,134.8596371434495,134.76551012782636
12513,9TH AVE NW AND NW 61ST ST,47.6730816268127,-122.368733748948,2,249.0,143.0,106.0,0.0,0.0,0.0,0.0,0.0,0.0,132.9326769772983,132.9326769772983
12311,5TH AVE NW AND NW MARKET ST,47.6686492513732,-122.362939047251,3,245.0,58.0,65.0,0.0,0.0,0.0,0.0,0.0,0.0,141.0805844646755,141.0805844646755
12512,9TH AVE NW AND NW 62ND ST,47.6738104920597,-122.368732539164,2,241.0,133.0,108.0,0.0,0.0,0.0,0.0,0.0,0.0,132.99964201116563,132.99964201116563
58518,18TH AVE S AND S HINDS ST,47.5730906101765,-122.307897453456,3,220.0,0.0,0.0,60.0,51.0,0.0,0.0,0.0,0.0,131.0626206578381,131.0626206578381
13737,WHITMAN AVE N AND N 48TH ST,47.6635811833505,-122.346076339917,3,205.0,19.0,186.0,0.0,0.0,0.0,0.0,0.0,0.0,129.53168211164905,129.53168211164905
48308,WALNUT AVE SW AND SW GRAYSON ST,47.5820150506954,-122.383192704433,4,187.0,0.0,0.0,65.0,122.0,0.0,0.0,0.0,0.0,82.08518368660496,82.08518368660496
37145,24TH AVE E AND E ALOHA ST,47.6266790628713,-122.301118084992,2,115.0,55.0,60.0,0.0,0.0,0.0,0.0,0.0,0.0,135.81364942809412,135.81364942809412
